効果ID,対象装備ID,効果種別,効果表示順,効果名_日本語,効果名_英語,効果名_中国語,連携装備ID群,発動条件_日本語,発動条件_英語,発動条件_中国語,効果本文_日本語,効果本文_英語,効果本文_中国語
effect_id,item_id,effect_type,effect_order,effect_name_jp,effect_name_en,effect_name_zh,partner_item_ids,activation_condition_jp,activation_condition_en,activation_condition_zh,effect_text_jp,effect_text_en,effect_text_zh
dawn-armor-style-01,dawn-armor,style,1,ゴヴニュセット,Goibne's Set,哥夫內套裝,,,,,Vit+1\nMaxHP+2%\n精錬+3以上の時、体力+1\n精錬+6以上の時、物理防御+4%\n精錬+10以上の時、魔法防御+4%\n精錬+12以上の時、物理ダメージ減少+3%\n精錬+15以上の時、最大HP+200\nセット効果：\n3点セット効果\n水・風・地・火属性のダメージを5%軽減\nMaxSP+8%,"VIT +1\nMax HP +2%\nRefine +3: VIT +1\nRefine +6: PDEF +4%\nRefine +10: MDEF +4%\nRefine +12: PDMG Reduction +3%\nRefine +15: Max HP +200\nSet Effect:\n3-piece Set Effect\nMax SP +8%, Wind/Fire/Water/Earth Reduction +5%",體質+1\n生命上限+2%\n精煉+3時，體質+1\n精煉+6時，物理防禦+4%\n精煉+10時，魔法防禦+4%\n精煉+12時，物理傷害減免+3%\n精煉+15時，生命值上限+200\n套裝效果：\n3件套效果\n受到水、風、地、火屬性傷害減免+5%\n魔法值+8%
dawn-armor-style-02,dawn-armor,style,2,テュールの祝福,Tyr's Blessing,提爾的祝福,,,,,Str+1\n物理ダメージ増加+2%\n精錬+3以上の時、Str+1\n精錬+6以上の時、物理攻撃+2%\n精錬+10以上の時、物理攻撃+3%\n精錬+12以上の時、物理ダメージ減少+3%\n精錬+15以上の時、最大HP+200\nセット効果：\n3点セット効果\nStr1ポイントごとに攻撃力+1,STR +1\nPDMG +2%\nRefine +3: STR +1\nRefine +6: PATK +2%\nRefine +10: PATK +3%\nRefine +12: PDMG Reduction +3%\nRefine +15: Max HP +200\nSet Effect:\n3-piece Set Effect\nEach point of STR grants 1 point of ATK,力量+1\n物理傷害+2%\n精煉+3時，力量+1\n精煉+6時，物理攻擊+2%\n精煉+10時，物理攻擊+3%\n精煉+12時，物理傷害減免+3%\n精煉+15時，生命值上限+200\n套裝效果：\n3件套效果\n每1點力量額外增加1點攻擊力
dawn-armor-style-03,dawn-armor,style,3,スプリントセット,Sprint Set,奔跑套裝,,,,,Int+1\n魔法ダメージ増加+2%\n精錬+3以上の時、Int+1\n精錬+6以上の時、魔法攻撃+2%\n精錬+10以上の時、魔法攻撃+3%\n精錬+12以上の時、物理ダメージ減少+3%\n精錬+15以上の時、最大HP+200\nセット効果：\n3点セット効果\nMaxSP+5%\n共通クールダウン-10%\n魔法ダメージ+8%,"INT +1\nMDMG +2%\nRefine +3: INT +1\nRefine +6: MATK +2%\nRefine +10: MATK +3%\nRefine +12: PDMG Reduction +3%\nRefine +15: Max HP +200\nSet Effect:\n3-piece Set Effect\nMax SP +5%, Global CD -10%, MDMG +8%",智力+1\n魔法傷害+2%\n精煉+3時，智力+1\n精煉+6時，魔法攻擊+2%\n精煉+10時，魔法攻擊+3%\n精煉+12時，物理傷害減免+3%\n精煉+15時，生命值上限+200\n套裝效果：\n3件套效果\n最大魔法值+5%\n共同冷卻時間-10%\n魔法傷害+8%
dawn-armor-style-04,dawn-armor,style,4,疾風セット,Rider Set,疾風套裝,,,,,Agi+1\n物理ダメージ増加+2%\n精錬+3以上の時、Agi+1\n精錬+6以上の時、攻撃速度+2%\n精錬+10以上の時、攻撃速度+3%\n精錬+12以上の時、物理ダメージ減少+3%\n精錬+15以上の時、最大HP+200\nセット効果：\n3点セット効果\nAgi15ポイントごとに攻撃速度+1%,"AGI +1\nPDMG +2%\nRefine +3: AGI +1\nRefine +6: ASPD +2%\nRefine +10: ASPD +3%\nRefine +12: PDMG Reduction +3%\nRefine +15: Max HP +200\nSet Effect:\n3-piece Set Effect\nFor every 15 AGI, you gain ASPD +1%",敏捷+1\n物理傷害+2%\n精煉+3時，敏捷+1\n精煉+6時，攻擊速度+2%\n精煉+10時，攻擊速度+3%\n精煉+12時，物理傷害減免+3%\n精煉+15時，生命值上限+200\n套裝效果：\n3件套效果\n每15點敏捷額外增加1%攻擊速度
dawn-armor-style-05,dawn-armor,style,5,白羽セット,White Wing Set,白羽套裝,,,,,Dex+1\n物理ダメージ増加+2%\n精錬+3以上の時、Dex+1\n精錬+6以上の時、物理攻撃+2%\n精錬+10以上の時、物理攻撃+3%\n精錬+12以上の時、物理ダメージ減少+3%\n精錬+15以上の時、最大HP+200\nセット効果：\n3点セット効果\nクリティカル+10、物理ダメージ+8%,"DEX +1\nPDMG +2%\nRefine +3: DEX +1\nRefine +6: PATK +2%\nRefine +10: PATK +3%\nRefine +12: PDMG Reduction +3%\nRefine +15: Max HP +200\nSet Effect:\n3-piece Set Effect\nCRIT+10, PDMG +8%",靈巧+1\n物理傷害+2%\n精煉+3時，靈巧+1\n精煉+6時，物理攻擊+2%\n精煉+10時，物理攻擊+3%\n精煉+12時，物理傷害減免+3%\n精煉+15時，生命值上限+200\n套裝效果：\n3件套效果\n暴擊+10點，物理傷害+8%
dawn-mantle-style-01,dawn-mantle,style,1,ゴヴニュセット,Goibne's Set,哥夫內套裝,,,,,Vit+1\nMaxHP+2%\n精錬+3以上の時、体力+1\n精錬+6以上の時、物理防御+4%\n精錬+10以上の時、魔法防御+4%\n精錬+12以上の時、物理ダメージ減少+3%\n精錬+15以上の時、最大HP+200\nセット効果：\n3組のセット効果\n水・風・地・火属性のダメージを5%軽減\n最大MP+8%,"VIT +1\nMax HP +2%\nRefine +3: VIT +1\nRefine +6: PDEF +4%\nRefine +10: MDEF +4%\nRefine +12: PDMG Reduction +3%\nRefine +15: Max HP +200\nSet Effect:\n3-piece Set Effect\nMax SP +8%, Wind/Fire/Water/Earth Reduction +5%",體質+1\n生命上限+2%\n精煉+3時，體質+1\n精煉+6時，物理防禦+4%\n精煉+10時，魔法防禦+4%\n精煉+12時，物理傷害減免+3%\n精煉+15時，生命值上限+200\n套裝效果：\n3件套效果\n受到水、風、地、火屬性傷害減免+5%\n魔法值+8%
dawn-mantle-style-02,dawn-mantle,style,2,テュールの祝福,Tyr's Blessing,提爾的祝福,,,,,Str+1\n物理ダメージ増加+2%\n精錬+3以上の時、力+1\n精錬+6以上の時、物理攻撃+2%\n精錬+10以上の時、物理攻撃+3%\n精錬+12以上の時、物理ダメージ減少+3%\n精錬+15以上の時、最大HP+200\nセット効果：\n3組のセット効果\n1ポイントの力ごとに攻撃力が1ポイント加される,STR +1\nPDMG +2%\nRefine +3: STR +1\nRefine +6: PATK +2%\nRefine +10: PATK +3%\nRefine +12: PDMG Reduction +3%\nRefine +15: Max HP +200\nSet Effect:\n3-piece Set Effect\nEach point of STR grants 1 point of ATK,力量+1\n物理傷害+2%\n精煉+3時，力量+1\n精煉+6時，物理攻擊+2%\n精煉+10時，物理攻擊+3%\n精煉+12時，物理傷害減免+3%\n精煉+15時，生命值上限+200\n套裝效果：\n3件套效果\n每1點力量額外增加1點攻擊力
dawn-mantle-style-03,dawn-mantle,style,3,スプリントセット,Sprint Set,奔跑套裝,,,,,Int+1\n魔法ダメージ増加+2%\n精錬+3以上の時、知力+1\n精錬+6以上の時、魔法攻撃+2%\n精錬+10以上の時、魔法攻撃+3%\n精錬+12以上の時、物理ダメージ減少+3%\n精錬+15以上の時、最大HP+200\nセット効果：\n3組のセット効果\n最大MP+5%\n共通クールダウン-10%\n魔法ダメージ+8%,"INT +1\nMDMG +2%\nRefine +3: INT +1\nRefine +6: MATK +2%\nRefine +10: MATK +3%\nRefine +12: PDMG Reduction +3%\nRefine +15: Max HP +200\nSet Effect:\n3-piece Set Effect\nMax SP +5%, Global CD -10%, MDMG +8%",智力+1\n魔法傷害+2%\n精煉+3時，智力+1\n精煉+6時，魔法攻擊+2%\n精煉+10時，魔法攻擊+3%\n精煉+12時，物理傷害減免+3%\n精煉+15時，生命值上限+200\n套裝效果：\n3件套效果\n最大魔法值+5%\n共同冷卻時間-10%\n魔法傷害+8%
dawn-mantle-style-04,dawn-mantle,style,4,ウィンドセット,Rider Set,疾風套裝,,,,,Agi+1\n物理ダメージ増加+2%\n精錬+3以上の時、敏捷+1\n精錬+6以上の時、攻撃速度+2%\n精錬+10以上の時、攻撃速度+3%\n精錬+12以上の時、物理ダメージ減少+3%\n精錬+15以上の時、最大HP+200\nセット効果：\n3組のセット効果\n敏捷が15ポイントごとに攻撃速度が1%追加で増加する,"AGI +1\nPDMG +2%\nRefine +3: AGI +1\nRefine +6: ASPD +2%\nRefine +10: ASPD +3%\nRefine +12: PDMG Reduction +3%\nRefine +15: Max HP +200\nSet Effect:\n3-piece Set Effect\nFor every 15 AGI, you gain ASPD +1%",敏捷+1\n物理傷害+2%\n精煉+3時，敏捷+1\n精煉+6時，攻擊速度+2%\n精煉+10時，攻擊速度+3%\n精煉+12時，物理傷害減免+3%\n精煉+15時，生命值上限+200\n套裝效果：\n3件套效果\n每15點敏捷額外增加1%攻擊速度
dawn-mantle-style-05,dawn-mantle,style,5,白羽セット,White Wing Set,白羽套裝,,,,,Dex+1\n物理ダメージ増加+2%\n精錬+3以上の時、器用さ+1\n精錬+6以上の時、物理攻撃+2%\n精錬+10以上の時、物理攻撃+3%\n精錬+12以上の時、物理ダメージ減少+3%\n精錬+15以上の時、最大HP+200\nセット効果：\n3組のセット効果\nクリティカル+10、物理ダメージ+8%,"DEX +1\nPDMG +2%\nRefine +3: DEX +1\nRefine +6: PATK +2%\nRefine +10: PATK +3%\nRefine +12: PDMG Reduction +3%\nRefine +15: Max HP +200\nSet Effect:\n3-piece Set Effect\nCRIT+10, PDMG +8%",靈巧+1\n物理傷害+2%\n精煉+3時，靈巧+1\n精煉+6時，物理攻擊+2%\n精煉+10時，物理攻擊+3%\n精煉+12時，物理傷害減免+3%\n精煉+15時，生命值上限+200\n套裝效果：\n3件套效果\n暴擊+10點，物理傷害+8%
dawn-boots-style-01,dawn-boots,style,1,ゴヴニュセット,Goibne's Set,哥夫內套裝,,,,,Vit+1\nMaxHP+2%\n精錬+3以上の時、体力+1\n精錬+6以上の時、物理防御+4%\n精錬+10以上の時、魔法防御+4%\n精錬+12以上の時、物理ダメージ減少+3%\n精錬+15以上の時、最大HP+200\nセット効果：\n3組のセット効果\n水・風・地・火属性のダメージを5%軽減\n最大MP+8%,"VIT +1\nMax HP +2%\nRefine +3: VIT +1\nRefine +6: PDEF +4%\nRefine +10: MDEF +4%\nRefine +12: PDMG Reduction +3%\nRefine +15: Max HP +200\nSet Effect:\n3-piece Set Effect\nMax SP +8%, Wind/Fire/Water/Earth Reduction +5%",體質+1\n生命上限+2%\n精煉+3時，體質+1\n精煉+6時，物理防禦+4%\n精煉+10時，魔法防禦+4%\n精煉+12時，物理傷害減免+3%\n精煉+15時，生命值上限+200\n套裝效果：\n3件套效果\n受到水、風、地、火屬性傷害減免+5%\n魔法值+8%
dawn-boots-style-02,dawn-boots,style,2,テュールの祝福,Tyr's Blessing,提爾的祝福,,,,,Str+1\n物理ダメージ増加+2%\n精錬+3以上の時、力+1\n精錬+6以上の時、物理攻撃+2%\n精錬+10以上の時、物理攻撃+3%\n精錬+12以上の時、物理ダメージ減少+3%\n精錬+15以上の時、最大HP+200\nセット効果：\n3組のセット効果\n1ポイントの力ごとに攻撃力が1ポイント加される,STR +1\nPDMG +2%\nRefine +3: STR +1\nRefine +6: PATK +2%\nRefine +10: PATK +3%\nRefine +12: PDMG Reduction +3%\nRefine +15: Max HP +200\nSet Effect:\n3-piece Set Effect\nEach point of STR grants 1 point of ATK,力量+1\n物理傷害+2%\n精煉+3時，力量+1\n精煉+6時，物理攻擊+2%\n精煉+10時，物理攻擊+3%\n精煉+12時，物理傷害減免+3%\n精煉+15時，生命值上限+200\n套裝效果：\n3件套效果\n每1點力量額外增加1點攻擊力
dawn-boots-style-03,dawn-boots,style,3,スプリントセット,Sprint Set,奔跑套裝,,,,,Int+1\n魔法ダメージ増加+2%\n精錬+3以上の時、知力+1\n精錬+6以上の時、魔法攻撃+2%\n精錬+10以上の時、魔法攻撃+3%\n精錬+12以上の時、物理ダメージ減少+3%\n精錬+15以上の時、最大HP+200\nセット効果：\n3組のセット効果\n最大MP+5%\n共通クールダウン-10%\n魔法ダメージ+8%,"INT +1\nMDMG +2%\nRefine +3: INT +1\nRefine +6: MATK +2%\nRefine +10: MATK +3%\nRefine +12: PDMG Reduction +3%\nRefine +15: Max HP +200\nSet Effect:\n3-piece Set Effect\nMax SP +5%, Global CD -10%, MDMG +8%",智力+1\n魔法傷害+2%\n精煉+3時，智力+1\n精煉+6時，魔法攻擊+2%\n精煉+10時，魔法攻擊+3%\n精煉+12時，物理傷害減免+3%\n精煉+15時，生命值上限+200\n套裝效果：\n3件套效果\n最大魔法值+5%\n共同冷卻時間-10%\n魔法傷害+8%
dawn-boots-style-04,dawn-boots,style,4,ウィンドセット,Rider Set,疾風套裝,,,,,Agi+1\n物理ダメージ増加+2%\n精錬+3以上の時、敏捷+1\n精錬+6以上の時、攻撃速度+2%\n精錬+10以上の時、攻撃速度+3%\n精錬+12以上の時、物理ダメージ減少+3%\n精錬+15以上の時、最大HP+200\nセット効果：\n3組のセット効果\n敏捷が15ポイントごとに攻撃速度が1%追加で増加する,"AGI +1\nPDMG +2%\nRefine +3: AGI +1\nRefine +6: ASPD +2%\nRefine +10: ASPD +3%\nRefine +12: PDMG Reduction +3%\nRefine +15: Max HP +200\nSet Effect:\n3-piece Set Effect\nFor every 15 AGI, you gain ASPD +1%",敏捷+1\n物理傷害+2%\n精煉+3時，敏捷+1\n精煉+6時，攻擊速度+2%\n精煉+10時，攻擊速度+3%\n精煉+12時，物理傷害減免+3%\n精煉+15時，生命值上限+200\n套裝效果：\n3件套效果\n每15點敏捷額外增加1%攻擊速度
dawn-boots-style-05,dawn-boots,style,5,白羽セット,White Wing Set,白羽套裝,,,,,Dex+1\n物理ダメージ増加+2%\n精錬+3以上の時、器用さ+1\n精錬+6以上の時、物理攻撃+2%\n精錬+10以上の時、物理攻撃+3%\n精錬+12以上の時、物理ダメージ減少+3%\n精錬+15以上の時、最大HP+200\nセット効果：\n3組のセット効果\nクリティカル+10、物理ダメージ+8%,"DEX +1\nPDMG +2%\nRefine +3: DEX +1\nRefine +6: PATK +2%\nRefine +10: PATK +3%\nRefine +12: PDMG Reduction +3%\nRefine +15: Max HP +200\nSet Effect:\n3-piece Set Effect\nCRIT+10, PDMG +8%",靈巧+1\n物理傷害+2%\n精煉+3時，靈巧+1\n精煉+6時，物理攻擊+2%\n精煉+10時，物理攻擊+3%\n精煉+12時，物理傷害減免+3%\n精煉+15時，生命值上限+200\n套裝效果：\n3件套效果\n暴擊+10點，物理傷害+8%
dawn-shield-style-01,dawn-shield,style,1,シャドークロー,Shadow Claws,陰影,,,,,最大HP+4%\n精錬+6以上の時、治療効果を受けると最大HPが6%上昇し、持続時間は10秒\n精錬+10以上の時、物理ダメージ減少+4%\n精錬+15以上の時、魔法ダメージ減少+4%,"Max HP +4%\nRefine +6: When receiving healing, Max HP increases by 6% for 10s\nRefine +10: PDMG Reduction +4%\nRefine +15: MDMG Reduction +4%",生命值上限+4%\n精煉+6時，受到治療效果時，生命值上限提升6%，持續10秒\n精煉+10時，物理傷害減免+4%\n精煉+15時，魔法傷害減免+4%
dawn-shield-style-02,dawn-shield,style,2,ホーリーガード,Holy Guard,聖耀,,,,,Vit+6\n魔法防御+12\nMaxHP+800\n精錬+6以上の時、信仰効果が30%上昇\n精錬+10以上の時、治療を受けるたびに最大HPの5%に基づいたシールドを獲得し、持続時間は5秒（共通の遅延5秒）\n精錬+12以上の時、受ける治療効果+12%\n精錬+15以上の時、最大HP+12%,"VIT +6\nMDEF +12\nMax HP +800\nRefine +6: Your [Faith] bonuses are increased by 30%.\nRefine +10: When you are healed, gain a shield for 5 sec, absorbing damage up to 5% of your Max HP. (Global CD: 5 sec)\nRefine +12: Healing Taken +12%\nRefine +15: Max HP +12%",體質+6\n魔法防禦+12\n生命上限+800\n精煉+6時，信任效果提升30%\n精煉+10時，每次受到治療，都會獲得根據最大生命值5%的護盾，持續5秒（共同冷卻時間5秒）\n精煉+12時，受治療效果+12%\n精煉+15時，生命值上限+12%
dawn-shield-style-03,dawn-shield,style,3,ナーガスケールシールド,Naga Scale Shield,娜迦,,,,,魔法防御+12\n反射シールドによるダメージが12%増加\n精錬+6以上の時、反射シールドが追加で十字軍の最大HPの1.5%のダメージを与える\n精錬+10以上の時、光のシールドは移動速度低下効果がなくなる\n精錬+15以上の時、光のシールドが30%の確率で30%の魔法ダメージを軽減,MDEF +12\n[Shield Reflect] DMG +12%\nRefine +6: [Shield Reflect] deals (1.5% of your Max HP) additional damage.\nRefine +10: [Defending Aura] no longer applies MSPD reduction.\nRefine +15: [Defending Aura] has a 30% chance to reduce the incoming MDMG by 30%.,魔法防禦+12\n反射盾造成的傷害提升12%\n精煉+6時，反射盾額外造成十字軍生命值上限1.5%的傷害\n精煉+10時，光之盾不再有移動速度降低效果\n精煉+15時，光之盾30%機率減免30%魔法傷害
dawn-shield-style-04,dawn-shield,style,4,クロスシールド,Cross Shield,十字,,,,,Str+5\n盾攻撃、連続盾攻撃、回転盾攻撃のスキルダメージ+15%、装備重量は200で計算\n精錬+2ごとに、盾攻撃、連続盾攻撃、回転盾攻撃のスキルダメージ+3%\n精錬+10以上の時、盾攻撃、連続盾攻撃、回転盾攻撃のスキルダメージ+12%,STR +5\n[Smite]/[Rapid Smiting]/[Shield Boomerang] Skill DMG +15% (Shield weight is counted as 200)\nFor every Refine +2: [Smite]/[Rapid Smiting]/[Shield Boomerang] Skill DMG +3%\nRefine +10: [Smite]/[Rapid Smiting]/[Shield Boomerang] Skill DMG +12%,力量+5\n盾擊、連續盾擊、迴旋盾擊技能傷害+15%，裝備重量依照200結算\n精煉每+2，盾擊、連續盾擊、迴旋盾擊技能傷害+3%\n精煉+10時，盾擊、連續盾擊、迴旋盾擊技能傷害+12%
dawn-shield-style-05,dawn-shield,style,5,イミューンシールド,Immune Shield,免疫者,,,,,治療効果+7%\n受ける治療効果+7%\nクリティカル防御+5\n精錬+6以上の時、Vit+2\n精錬+10以上の時、受ける治療効果+5%,Healing Done +7%\nHealing Taken +7%\nCRIT RES +5\nRefine +6: VIT +2\nRefine +10: Healing Taken +5%,治療效果+7%\n受治療效果+7%\n暴擊防護+5\n精煉+6時，體質+2\n精煉+10時，受治療效果+5%
dawn-shield-style-06,dawn-shield,style,6,ヴァルキリアの盾,Valkyrja's Shield,巴基力亞,,,,,水属性ダメージ軽減+10%\n火属性ダメージ軽減+10%\n闇属性ダメージ軽減+10%\n不死属性ダメージ軽減+10%\n魔法防御+4\n精錬+6時、受ける物理ダメージ軽減+3%\n精錬+10時、受ける魔法ダメージ軽減+3%,DMG Reduction vs Water +10%\nDMG Reduction vs Fire +10%\nDMG Reduction vs Shadow +10%\nDMG Reduction vs Undead +10%\nMDEF +4\nRefine +6: PDMG Reduction +3%\nRefine +10: MDMG Reduction +3%,受到水屬性傷害減免+10%\n受到火屬性傷害減免+10%\n受到闇屬性傷害減免+10%\n受到不死屬性傷害減免+10%\n魔法防禦+4\n精煉+6時，受到物理傷害減免+3%\n精煉+10時，受到魔法傷害減免+3%
dawn-shield-style-07,dawn-shield,style,7,インペリアル,Imperial,皇家,,,,,MaxHP+10%\n攻撃を受けた時、30%の確率で「君王の意志」を獲得：物理防御、魔法防御+10%、持続時間5秒\n皇家長槍と同時に装備時、「君王の意志」効果が倍増\n精錬+10時、魔法ダメージ軽減+10%\n精錬+15時、「君王の意志」効果が強化：物理防御、魔法防御+15%（倍増効果は物理防御、魔法防御+30%）,"Max HP +10%\nWhen attacked, you have a 30% chance to gain [Will of Kings: PDEF/MDEF +10%] for 5 sec.\nIf equipped together with Imperial Lance, double the effect of [Will of Kings].\nRefine +10: MDMG Reduction +10%\nRefine +15: Increases the effect of [Will of Kings] to [PDEF/MDEF +15%].",生命上限+10%\n受到攻擊時30%機率獲得君王的意志：物理防禦、魔法防禦+10%，持續5秒\n與皇家長矛同時裝備，君王的意志效果翻倍\n精煉+10時，魔法傷害減免+10%\n精煉+15時，君王的意志效果提升至：物理防禦、魔法防禦+15%（翻倍效果為物理防禦、魔法防禦+30%）
dawn-blade-style-01,dawn-blade,style,1,猛毒,Venom Sting,劇毒,,,,,Str+3\n中毒状態のターゲットへのダメージ増加6%\n精錬+6時、毒属性スキルダメージ+3%\n精錬+10時、毒属性スキルダメージ+3%\n精錬+15時、毒属性克制ダメージ+12%,STR +3\nDamage to Poisoned Enemies +6%\nRefine +6: Poison Damage +3%\nRefine +10: Poison Damage +3%\nRefine +15: Poison's Elemental Effectiveness +12%,力量+3\n對中毒目標傷害提升6%\n精煉+6時毒屬性技能傷害+3%\n精煉+10時毒屬性技能傷害+3%\n精煉+15時毒屬性克制傷害+12%
dawn-blade-style-02,dawn-blade,style,2,月霊,Moonlight Dagger,月靈,,,,,Int+3\n魔法攻撃+60\n精錬+3以上の時、Int+2\n精錬+6以上の時、マインドショックの共通クールダウン0.3秒短縮（唯一効果）\n精錬+10以上の時、マインドショックの知力ダメージ部分20%増加（唯一効果）\n精錬+12以上の時、マインドショックの知力ダメージ部分40%増加（唯一効果）\n精錬+15以上の時、魔法攻撃力+30,INT +3\nMATK +60\nRefine +3: INT +2\nRefine +6: Global CD for Soul Breaker -0.3s (unique)\nRefine +10: Increases the INT-based damage of Soul Breaker by 20% (unique)\nRefine +12: Increases the INT-based damage of Soul Breaker to 40% (Unique)\nRefine +15: MATK +30 (Unique),智力+3\n魔法攻擊+60\n精煉+3時，智力+2\n精煉+6時，心靈震波共同冷卻時間減少0.3秒（唯一效果）\n精煉+10時，心靈震波智力部分傷害提升20%（唯一效果）\n精煉+12時，心靈震波智力部分傷害提升至40%（唯一效果）\n精煉+15時，魔法攻擊+30
dawn-blade-style-03,dawn-blade,style,3,強駒,Refined Dagger,強駒,,,,,Str+3\nDex+2\n物理防御無視+3%\n精錬+6時、深紅の斬撃スキルダメージ+5%\n精錬+10時、深紅の斬撃スキルダメージ+5%\n精錬+15時、深紅の斬撃が物理防御を無視する追加効果+10%,STR +3\nDEX +2\nIgnore PDEF +3%\nRefine +6: Red Cut Skill DMG +5%\nRefine +10: Red Cut Skill DMG +5%\nRefine +15: Red Cut additionally ignores 10% PDEF,力量+3\n靈巧+2\n忽視物理防禦+3%\n精煉+6時，深紅切割技能傷害+5%\n精煉+10時，深紅切割技能傷害+5%\n精煉+15時，深紅切割額外忽視物理防禦+10%
dawn-blade-style-04,dawn-blade,style,4,月辰,Lunar Dagger,月辰,,,,,魔法攻撃+60\nマインドショックの魔法攻撃力*300%分のダメージを追加（唯一効果）\n精錬+6以上の時、マインドショックの共通クールダウンを0.3秒短縮（唯一効果）\n精錬+10以上の時、マインドショックの魔法攻撃力*250%分のダメージを追加（唯一効果）\n精錬+15以上の時、魔法攻撃力+60,"Nil\n[Soul Breaker] deals MATK*300% more damage (unique)\nRefine +6, [Soul Breaker] global CD is reduced by 0.3s (unique)\nRefine +10, [Soul Breaker] deals MATK*250% more damage (unique)\nRefine +15, MATK +60",魔法攻擊+60\n心靈震波提升魔法攻擊*300%的傷害（唯一效果）\n精煉+6時，心靈震波共同冷卻時間減少0.3秒（唯一效果）\n精煉+10時，心靈震波提升魔法攻擊*250%的傷害（唯一效果）\n精煉+15時，魔法攻擊+60
dawn-sword-style-01,dawn-sword,style,1,呑神,Tirfing,吞神,,,,,戦闘開始後、10秒ごとに追加で1200のHPを損失\n攻撃時に追加ダメージを付与、ダメージはStr*物理攻撃/220\n精錬+6以上の時、追加ダメージがStr*物理攻撃/150に上昇\n精錬+10以上の時、Str1ポイントごとに追加で1の物理攻撃力を付与\n精錬+15以上の時、攻撃速度+6%,"While in combat, lose 1200 HP per 10 sec.\nYour attacks deal [STR *PATK/220] additional DMG.\nRefine +6: Additional DMG increases to [STR * PATK/150]\nRefine +10: For every 1 STR, PATK +1.\nRefine +15: ASPD +6%",進入戰鬥後，每10秒額外損失1200點生命值\n攻擊時額外附帶傷害，傷害為力量*物理攻擊/220\n精煉+6時，附帶傷害提升至力量*物理攻擊/150\n精煉+10時，每點力量額外加1點物理攻擊\n精煉+15時，攻速+6%
dawn-sword-style-02,dawn-sword,style,2,火霊,Fireblend,火靈,,,,,火属性武器\n火属性ダメージ+14%\n魔法攻撃+30\n物理攻撃時、10%の確率でファイアーボルトLv.6を自動詠唱する\n精錬+6以上の時、魔法攻撃+60\n精錬+10以上の時、魔法攻撃+120\n精錬+15以上の時、魔法攻撃+12%,"Weapon Fire Stat\nFire Skill DMG +14%\nMATK +30\nWhen you deal PDMG, there is a 10% chance to auto cast Firebolt Lv.6\nRefine +6: MATK +60\nRefine +10: MATK +120\nRefine +15: MATK +12%",武器火屬性\n火屬性技能傷害+14%\n魔法攻擊+30\n物理攻擊時，有10%機率自動念咒火箭術Lv.6\n精煉+6時魔法攻擊+60\n精煉+10時魔法攻擊+120\n精煉+15時魔法攻擊+12%
dawn-sword-style-03,dawn-sword,style,3,エクスキャリバー,Excalibur,石中劍,,,,,Vit+10\nInt+6\nDex+4\n攻撃を受けた時、5%の確率で自動的に天使の障壁Lv.5を発動\n精錬+6時、最大HP+200\n精錬+10時、物理ダメージ軽減+7%\n精錬+15時、最大HP+7%,"VIT +10\nINT +6\nDEX +4\nWhen attacked, you have a 5% chance to auto cast Lv.5 [Angelus].\nRefine +6: Max HP +200\nRefine +10: PDMG Reduction +7%\nRefine +15: Max HP +7%",體質+10\n智力+6\n靈巧+4\n受到攻擊時，有5%機率自動念咒天使之障壁Lv.5\n精煉+6時，生命值上限+200\n精煉+10時，受到物理傷害減免+7%\n精煉+15時，生命值上限+7%
dawn-claymore-style-01,dawn-claymore,style,1,村正,Muramasa,不知火,,,,,攻撃速度+15%\nクリティカル+15\nDex-5\n精錬+6以上の時、クリティカル+6\n精錬+10以上の時、クリティカル+6\n精錬+12以上の時、クリティカルダメージ+6%\n精錬+15以上の時、クリティカルダメージ+6%,ASPD +15%\nCRIT +15\nDEX -5\nRefine +6: CRIT +6\nRefine +10: CRIT +6\nRefine +12: CRIT DMG +6%\nRefine +15: CRIT DMG +6%,攻擊速度+15%\n暴擊+15\n靈巧-5\n精煉+6時，暴擊+6\n精煉+10時，暴擊+6\n精煉+12時，暴擊傷害+6%\n精煉+15時，暴擊傷害+6%
dawn-claymore-style-02,dawn-claymore,style,2,クラスナヤ,Krasnaya,紅雲,,,,,Vit+15\n魔法防御+10\nパリイング中、成功すると自動で習得済みの最高レベルの獅子奮迅を発動。本効果のクールタイムは2.5秒\n精錬+6以上の時、パリイングで物理ダメージを無効にする確率+10%\n精錬+10以上の時、パリイングで魔法ダメージを無効にする確率+10%\n精錬+15以上の時、獅子奮迅によるダメージ+20%,"VIT +15\nMDEF +10\nWhen using Parry, successful blocks will trigger the maximum level of Lion Roar (CD 2.5 sec)\nRefine +6: +10% chance to Parry PDMG\nRefine +10: 10% chance to Parry MDMG\nRefine +15: Lion Roar Damage 20%",體質+15\n魔法防禦+10\n雙劍格擋期間，成功格擋將會自動念咒已習得最高等級的獅子奮迅（冷卻時間2.5秒）\n精煉+6時雙劍格擋成功格擋物理傷害機率提升10%\n精煉+10時雙劍格擋成功格擋魔法傷害機率提升10%\n精煉+15時獅子奮迅傷害增加20%
dawn-claymore-style-03,dawn-claymore,style,3,異形,Abnormal,異形,,,,,攻撃速度-25%\n狂撃使用時、必ずチャージした先鋒追撃を発動\n狂撃スキルダメージが50%上昇\n精錬+6時、狂撃発動時に30%の確率で自動詠唱による先鋒追撃を発動\n精錬+10時、自動詠唱先鋒追撃のダメージが50%増加\n精錬+15時、先鋒追撃スキルダメージが+20%上昇,Nil\n[Bash] always charges [Vanguard Force] when used\n[Bash] skill damage +50%\nRefine +6: [Bash] has a 30% chance to auto-cast [Vanguard Force]\nRefine +10: Auto-cast [Vanguard Force] damage +50%\nRefine +15: [Vanguard Force] skill damage +20%,攻擊速度-25%\n使用狂擊時必定充能先鋒追擊\n狂擊技能傷害提升50%\n精煉+6時，狂擊有30%機率自動念咒先鋒追擊\n精煉+10時，自動念咒先鋒追擊傷害增加50%\n精煉+15時，先鋒追擊技能傷害提升+20%
dawn-scythe-style-01,dawn-scythe,style,1,象牙,Ivory Lance,象牙,,,,,攻撃速度+5%\n攻撃時、2%の確率でターゲットを出血状態にすることがある\n物理攻撃時、20%の確率でスピアスタブLv.3を自動発動する。本スキルは190%+60の無属性物理ダメージを与え、対象を標的状態にする。対象へのダメージが6秒間6%アップ\n精錬+6以上の時、物理攻撃+10%\n精錬+10以上の時、スピアスタブのダメージが100%アップ\n精錬+15以上の時、スピアスタブの易傷効果がさらに10%上昇,"ASPD +5%\nYour attacks have a 2% chance to Bleed the target\nUpon dealing PDMG, you have a 20% chance to auto cast Spear Stab Lv.3, dealing 190% Neutral PDMG and marking the targets. Damage dealt against the marked targets is increased by 6% for 6 sec\nRefine +6: PATK +10%\nRefine +10: Spear Stab deals 100% more damage.\nRefine +15: the Vulnerable effect of Spear Stab is increased by 10%",攻擊速度+5%\n攻擊時有2%機率使目標陷入流血狀態\n物理攻擊時有20%機率自動念咒長矛刺擊Lv.3，造成190%無屬性物理傷害並標記目標，自身對目標造成的傷害增加6%，持續6秒\n精煉+6時物理攻擊+10%\n精煉+10時長矛刺擊傷害提升100%\n精煉+15時長矛刺擊造成的易傷效果額外提升10%
dawn-scythe-style-02,dawn-scythe,style,2,戦慄,Trembling,戰慄,,,,,攻撃速度+6%\n通常攻撃は2%の確率でターゲットを1秒間スタン状態にする。この効果は5秒ごとに最大1回発動する\n必殺攻撃で消費する自身のHPが15%減少\n精錬+6で、必殺攻撃の回数が+2\n精錬+10で、攻撃速度が+10%\n精錬+12で、持続時間中、必殺攻撃の回数制限がなくなる\n精錬+15で、必殺攻撃で消費する自身のHPがさらに30%減少,"ASPD +6%\nNormal Attacks have a 2% chance to inflict Immobilize the target for 1s. This effect can trigger once every 5s.\nReduces the HP cost of Sacrifice on self by 15%.\nRefine +6: Sacrifice counts +2\nRefine +10: ASPD +10%\nRefine +12: During the duration, Sacrifice no longer has a limit on the number of attack counts\nRefine +15: The HP cost of Sacrifice on self is further reduced by 30%",攻擊速度+6%\n普通攻擊有2%機率會使目標陷入定身狀態1秒，該效果每5秒最多觸發1次\n捨命攻擊扣除的自身生命值減少15%\n精煉+6時，捨命攻擊次數+2\n精煉+10時，攻擊速度+10%\n精煉+12時，持續時間內，捨命攻擊不再有攻擊次數限制\n精煉+15時，捨命攻擊扣除的自身生命值再減30%
dawn-scythe-style-03,dawn-scythe,style,3,インペリアル,Imperial,皇家,,,,,聖属性ダメージ+10%\n攻撃時、30%の確率で「君王の威厳」を獲得：物理攻撃・魔法攻撃+10%、持続10秒\n「ロイヤルシールド」と同時装備時、「君王の威厳」効果倍増\n精錬+10時、聖属性スキルダメージ+10%\n精錬+15時、「君王の威厳」効果を強化：物理攻撃・魔法攻撃+15%（倍増効果は物理攻撃・魔法攻撃+30%）,"Holy Skill DMG +10%\nYour attacks gain a 30% chance to grant you Majesty of Kings for 10 sec. Majesty of Kings: PATK/MATK +10%\nWhile Imperial Guard is equipped, double the effect of Majesty of Kings.\nRefine +10: Holy DMG +10%\nRefine +15: Increases the effect of Majesty of Kings to [PATK/MATK +15%].",聖屬性技能傷害+10%\n攻擊時有30%機率獲得君王的威嚴：物理攻擊、魔法攻擊+10%，持續10秒\n與皇家之盾一同裝備時君王的威嚴效果翻倍\n精煉+10時聖屬性技能傷害+10%\n精煉+15時君王的威嚴效果提升至：物理攻擊、魔法攻擊+15%（翻倍效果為物理攻擊、魔法攻擊+30%）
dawn-spear-style-01,dawn-spear,style,1,連刺し,Pierce,連刺,,,,,攻撃速度+20%\nDex+6\n連続刺突攻撃スキルダメージ+15%\n精錬+6時、連続刺突攻撃スキルダメージ+5%\n精錬+10時、連続刺突攻撃スキルダメージ+7%\n精錬+15時、連続刺突攻撃スキルダメージ+12%,ASPD +20%\nDEX +6\n+15% [Pierce] Damage\nRefine +6: +5% [Pierce] Damage\nRefine +10: +7% [Pierce] Damage\nRefine +15: +12% [Pierce] Damage,攻擊速度+20%\n靈巧+6\n連刺攻擊技能傷害+15%\n精煉+6時連刺攻擊技能傷害+5%\n精煉+10時連刺攻擊技能傷害+7%\n精煉+15時連刺攻擊技能傷害+12%
dawn-spear-style-02,dawn-spear,style,2,クレセントサイス,Crescent Scythe,死神,,,,,Str+5\n物理攻撃時、30%の確率で死神の契約を1層獲得、5秒持続\n死神の契約1層ごとに自身のクリティカル+3、攻撃速度+1%、10秒ごとに現在のHP1%のダメージを受ける。最大5層まで重複する\n死神の契約が5層に達すると、死神のささやき効果を獲得する。5秒間、5回ごとの物理攻撃で追加の400%闇属性物理ダメージを与える\n精錬+6以上の時、死神の契約の獲得確率が50%になる\n精錬+10以上の時、死神の契約1層ごとの効果がクリティカル+5、攻撃速度+2%になる\n精錬+15以上の時、死神のささやきで発生するスキルダメージが100%上昇する,"STR +5\nUpon dealing PDMG, you have a 30% chance to grant 1 stack of Pact of Reaper for 5 sec\nEach stack of Pact of Reaper gives you +3 CRIT, +1% ASPD. You lose 1% of the current HP every 10 sec. This effect can stack up to 5 times\nWhen Pact of Reaper is at 5 stacks, you obtain the effect of Reaper Whisper for 5 sec: Your every 5th Physical attack deals 400% Shadow PDMG\nRefine +6: you have a 50% chance to obtain the Pact of Reaper instead\nRefine +10: the effect of each stack of Pact of Reaper is increased to: CRIT +5, ASPD +2%\nRefine +15: skill damage triggered by Reaper Whisper 100%",力量+5\n物理攻擊時有30%機率獲得一層死神契約，持續5秒\n每層死神契約使自身暴擊+3、攻擊速度+1%，每10秒損失當前1%的生命值，最多疊加5層\n死神契約達到5層後，獲得死神低語效果：每5次物理攻擊額外造成400%的暗屬性物理傷害，持續5秒\n精煉+6時獲得死神契約的機率提升至50%\n精煉+10時每層死神契約的效果提升至：暴擊+5，攻擊速度+2%\n精煉+15時死神低語觸發技能傷害提升100%
dawn-spear-style-03,dawn-spear,style,3,サイクロングレイブ,Cyclone Glaive,氣旋,,,,,全体ディレイ-12%\nスパイラルピアースのダメージ-10%\nスパイラルピアースの詠唱が不要になり、SP消費-60%\n精錬+6以上の時、スパイラルピアースのクールタイム-1秒\n精錬+10以上の時、スパイラルピアース使用時、追加でサイクロンブラストが発動し、200%の物理ダメージを与える\n精錬+15以上の時、サイクロンブラストのダメージ+100%,"Global CD -12%\nSpiral Clashing Spiral skill damage -10%\nClashing Spiral no longer requires casting, and SP consumes -60%\nRefine +6: CD of Clashing Spiral -1s\nRefine +10: Clashing Spiral generates an additional cyclone explosion that deals 200% PDMG\nRefine +15: Damage of Cyclone Explosion +100%",技能共同冷卻時間-12%\n螺旋擊刺技能傷害-10%\n螺旋擊刺技能不再需要詠唱，同時SP消耗-60%\n精煉+6時螺旋擊刺技能自冷卻時間-1秒\n精煉+10時螺旋擊刺技能產生額外的氣旋爆炸，造成200%物理傷害\n精煉+15時氣旋爆炸傷害增加100%
dawn-spear-style-04,dawn-spear,style,4,グングニル,Gungnir,永恆,,,,,バーサーク発動時、攻撃速度+10%\nバーサーク中、通常攻撃でバーサークのクールタイムを短縮、最大30秒減少\n精錬+1ごとに、バーサークのデバフ効果を3%軽減\n精錬+6以上の時、バーサーク発動時、攻撃速度+10%\n精錬+10以上の時、攻撃速度+10%\n精錬+15以上の時、攻撃速度+15%,"When [Berserk] is activated, ASPD +10%.\nWhen [Berserk] is activated, Normal Attacks reduce the cooldown of [Berserk], up to a maximum of 30 sec.\nFor every Refine +1: Debuff Potency of [Berserk] -3%\nRefine +6: When [Berserk] is activated, ASPD +10%.\nRefine +10: ASPD +10%\nRefine +15: ASPD +15%",狂怒之槍啟動時提供額外攻速10%\n狂怒之槍期間普攻攻擊可以減少狂怒之槍冷卻時間，最多減少30秒\n精煉每+1，狂怒之槍負面效果減少3%\n精煉+6時狂怒之槍啟動時額外攻速提升10%\n精煉+10時額外攻速提升10%\n精煉+15時額外攻速提升15%
dawn-spear-style-05,dawn-spear,style,5,マーリン,Marlin,劍旗魚,,,,,ピアース、ラピッドストライク発動時、ターゲットおよびその後方へメカジキの突きを1回行い、350%倍率の物理ダメージを与える\n魚貝種族モンスターへのダメージ+20%、その他すべての種族モンスターへのダメージ+10%\n精錬+6以上の時、ピアース、ラピッドストライクのダメージ倍率+50%\n精錬+10以上の時、攻撃速度+8%\n精錬+15以上の時、人間種族モンスターへの攻撃時、メカジキの突きが追加で100%倍率の物理ダメージを与える,"Upon casting Pierce or Concentrate Pierce, cast Swordfish Pierce at the target and the enemies behind that target one time, dealing PDMG multiplied by 350%\nDMG vs Fish monsters +20%, damage against all other monsters +10%\nRefine +6: the skill multiplier of Pierce and Concentrate Pierce is increased by 50%\nRefine +10: ASPD +8%\nRefine +15: Swordfish Pierce deals additional PDMG multiplied by 100% against Demi-Human monsters",使用連刺攻擊、凝神刺擊時對目標及其身後進行一次旗魚突刺攻擊，造成350%倍率的物理傷害\n對魚貝種族魔物的傷害+20%，對其他所有種族魔物傷害+10%\n精煉+6時連刺攻擊、凝神刺擊技能倍率提升50%\n精煉+10時攻擊速度+8%\n精煉+15時攻擊人形種族魔物，旗魚突刺攻擊額外造成100%倍率物理傷害
dawn-hatchet-style-01,dawn-hatchet,style,1,P.T.Dメカニカルコア,P.T.D Mechanical Core,P.T.D,,,,,攻撃速度+12%\n砲台の攻撃は対象の防御力を10%無視\n精錬+6時、砲台の攻撃範囲+1\n精錬+10時、砲台はプレイヤーの30%の攻撃属性を追加で継承\n精錬+12時、オーバーロードと強襲の持続時間中、砲台の攻撃力が10%上昇し、持続時間が20%延長する,"Nil\n[Turret] ignores 10% of the target's DEF\nRefine +6: [Turret] attack range +1\nRefine +10: Turrets gain 30% of your Attack Stats\nRefine +12: During [Overload] and [Strike], Turret ATK +10%, and duration is extended by 20%",攻擊速度+12%\n炮台攻擊無視目標10%防禦\n精煉+6時，炮台攻擊範圍+1\n精煉+10時，炮台多繼承玩家30%的攻擊屬性\n精煉+12時，超載和強襲持續時間內，炮台攻擊力提升10%，持續時間提升20%
dawn-hatchet-style-02,dawn-hatchet,style,2,ヘラ,Hera,赫拉,,,,,Luk+7\nDex+7\n精錬+6時、【野蛮な斬撃】発動中、物理・魔法ダメージ軽減が30%向上\n精錬+10時、MaxHP+15%、クリティカルダメージ防御+10%\n精錬+15時、最大HP+15%、移動速度+5%,"LUK +7\nDEX +7\nRefine +6: During [Melt Down], grants PDMG/MDMG Reduction +30%.\nRefine +10: Max HP +15%, CRIT DMG RES +10%.\nRefine +15: Max HP +15%, MSPD +5%",幸運+7\n靈巧+7\n精煉+6時，【野蠻凶砍】期間，物理、魔法傷害減免提高30%\n精煉+10時，自身生命值上限提高15%，暴傷防護提高10%\n精煉+15時，生命值上限+15%，移動速度+5%
dawn-hatchet-style-03,dawn-hatchet,style,3,シフ,Sif,希芙,,,,,メマーナイト、カートターミネーションの銅貨消費が100になり、どちらかのスキルで攻撃するたびにシフの恵みを1獲得する\nシフの恵みを10回蓄積すると、シフのコインが1枚落下し、ターゲットに1500%+100の物理ダメージを与える\n精錬+6以上の時、メマーナイト、カートターミネーションのダメージ倍率+100%\n精錬+10以上の時、メマーナイト、カートターミネーションで攻撃するたびに獲得するシフの恵みが2に増加する\n精錬+15以上の時、シフのコインのダメージ倍率+700%,"Casting Mammonite and High-Speed Cart Ram consumes only 100 Eden Coins, and adds 1 stack of Sif's Blessing\nWhen Sif's Blessing reaches 10 stacks, 1 Sif's Gold will drop and deal PDMG of 1,500%+100 ATK to the target\nRefine +6: skill multiplier of Mammonite and High Speed Cart Ram +100%\nRefine +10: Mammonite and High Speed Cart Ram add 2 stacks of Sif's Blessing\nRefine +15: Damage Multiplier of Gold +700%",金錢攻擊、手推車終結技僅消耗100銅幣，且會獲得一層希芙的恩賜\n希芙的恩賜疊加至10層時，落下一枚希芙的金幣，對目標造成1500%+100物理攻擊力的物理傷害\n精煉+6時，金錢攻擊、手推車終結技技能倍率+100%\n精煉+10時，金錢攻擊、手推車終結技一次性疊加2層希芙的恩賜\n精煉+15時，金幣的傷害倍率提高700%
dawn-hatchet-style-04,dawn-hatchet,style,4,スパイク,Spike,闇盲,,,,,クリティカル防御+6\nクリティカルダメージ防御+6%\n精錬+6時、物理ダメージ軽減と魔法ダメージ軽減+10%\n精錬+10時、物理攻撃+10%\n精錬+12時、最大HP+15%\n精錬+15時、クリティカル防御+8、クリティカルダメージ防御+8%,"CRIT RES +6\nCRIT DMG RES +6%\nRefine +6: PDMG & MDMG Reduction +10%\nRefine +10: PATK +10%\nRefine +12: Max HP +15%\nRefine +15: CRIT RES +8, CRIT DMG RES +8%",暴擊防護+6\n暴傷防護+6%\n精煉+6時，物理傷害減免和魔法傷害減免+10%\n精煉+10時，物理攻擊+10%\n精煉+12時，生命值上限+15%\n精煉+15時，暴擊防護+8，暴傷防護+8%
dawn-axe-style-01,dawn-axe,style,1,超重,Heavy,超重,,,,,物理攻撃+120\n攻撃速度-40%\nStr150以上の時、物理攻撃+120\n精錬+3ごとに、攻撃速度-5%\n精錬+3ごとに、物理ダメージ+1.2%,"PATK +120\nASPD -40%\nWhile STR is above 150, gain +120 PATK.\n+-5% ASPD per +3 Refine\n+1.2% PDMG per +3 Refine",物理攻擊+120\n攻擊速度-40%\n總力量大於150時物理攻擊+120\n精煉每+3，攻擊速度-5%\n精煉每+3，物理傷害+1.2%
dawn-axe-style-02,dawn-axe,style,2,ベセルアックス,Vecer Axe,貝克,,,,,武器射程+1.5\n荷車の積載量に応じて荷車関連スキルのダメージが追加で上昇し、上昇するダメージ値は荷車の積載量×40%\n手押し車関連スキル使用時、移動速度が5%上昇（最大2スタック）\n精錬+6時、手押し車積載上限が2000増加\n精錬+10時、手押し車積載による追加ダメージが積載重量*60%に上昇\n精錬+15時、手押し車関連スキルダメージ+25%（この効果は積載重量による追加ダメージには適用されない）,"Weapon Range +1.5\nCart skills deal +(cart weight *40%) damage.\nCart skills give you +5% MSPD, stacking up to 2 times.\nRefine +6: +2,000 cart weight\nRefine +10: Cart skills deal +(cart weight *60%) damage.\nRefine +15: Cart skills deal +25% damage.\n(Does not apply to the damage from cart weight)",武器射程+1.5\n手推車負重額外提升手推車相關技能傷害\n提升的傷害值為手推車負重*40%\n使用手推車相關技能，使移動速度提升\n最多疊加2層\n精煉+6時手推車負重上限提升2000\n精煉+10時手推車負重額外傷害提升至負重*60%\n精煉+15時手推車相關技能傷害+25%（不適用於手推車負重帶來的額外傷害）
dawn-axe-style-03,dawn-axe,style,3,動力割裂,Power Cutting Axe,動力割裂,,,,,Str+24\n回転刃のクールタイムがなくなる\n回転刃のダメージ-10%、マナ消費-85%\n精錬+1ごとに攻撃速度+1%\n精錬+10時、回転刃のスキルダメージ+20%\n精錬+15時、物理ダメージボーナス+20%,"Nil\n[Axe Boomerang] no longer has CD\n[Axe Boomerang] DMG +-10%, SP Consumption -85%\nFor each refine +1, ASPD +1%\nRefine +10, [Axe Boomerang] Skill DMG +20%\nRefine +15, PDMG Bonus +20%",力量+24\n迴旋之刃不再有冷卻時間\n迴旋之刃傷害-10%，魔法值消耗-85%\n精煉每+1，攻擊速度+1%\n精煉+10時，迴旋之刃技能傷害+20%\n精煉+15時，物理傷害加成+20%
dawn-hammer-style-01,dawn-hammer,style,1,闇盲,Spike,闇盲,,,,,クリティカル防御+6\nクリティカルダメージ防御+6%\n精錬+6時、物理ダメージ軽減と魔法ダメージ軽減+10%\n精錬+10時、物理攻撃+10%\n精錬+12時、最大HP+15%\n精錬+15時、クリティカル防御+8、クリティカルダメージ防御+8%,"CRIT RES +6\nCRIT DMG RES +6%\nRefine +6: PDMG & MDMG Reduction +10%\nRefine +10: PATK +10%\nRefine +12: Max HP +15%\nRefine +15: CRIT RES +8, CRIT DMG RES +8%",暴擊防護+6\n暴傷防護+6%\n精煉+6時，物理傷害減免和魔法傷害減免+10%\n精煉+10時，物理攻擊+10%\n精煉+12時，生命值上限+15%\n精煉+15時，暴擊防護+8，暴傷防護+8%
dawn-hammer-style-02,dawn-hammer,style,2,腐蝕,Corrosion,腐蝕,,,,,強酸攻撃、強酸火煙瓶攻撃、火煙瓶攻撃の破壊確率+5%\n武器または防具が破壊されたユニットに追加10%ダメージを与える\n精錬+6時、物理攻撃+12%\n精錬+10時、対象のVit10ポイントごとに、強酸火煙瓶、強酸攻撃のダメージがさらに1.2%増加\n精錬+15時、物理ダメージ+15%\n精錬+15時、物理攻撃+10%,"Break Chance of Acid Terror, Acid Bomb attack, Demonstration +5%\nDeals extra 10% damage to units whose Weapon or Armor is broken\nRefine +6: PATK +12%\nRefine +10: For every 10 VIT of the target, additionally increases Acid Bomb and Acid Terror damage by 1.2%\nRefine +15: PDMG +15%\nRefine +15: PATK +10%",強酸攻擊，強酸火煙瓶攻擊，火煙瓶攻擊破壞機率+5%\n對武器或者防具破壞的單位，造成額外10%傷害\n精煉+6時，物理攻擊+12%\n精煉+10時，目標每10點體質，額外提升強酸火煙瓶，強酸攻擊1.2%傷害\n精煉+15時，物理傷害+15%\n精煉+15時，物理攻擊+10%
dawn-hammer-style-03,dawn-hammer,style,3,十字星,Grand Cross,十字星,,,,,武器聖属性\n聖属性攻撃時、追加で50点物理攻撃\nアスペルシオを自身に使用すると追加効果を獲得し、攻撃時に物理攻撃力の20%分の物理ダメージを追加\n精錬+6以上の時、追加ダメージが30%にアップ\n精錬+10以上の時、追加ダメージが40%にアップ\n精錬+15以上の時、聖属性スキルダメージ+12%,"Weapon Element (Holy)\nHoly Attacks add an additional 50 PATK\nAspersio provides additional effects when cast on yourself, attacks have an additional 20% PDMG\nRefine +6: additional damage increases to 30%\nRefine +10: additional damage increases to 40%\nRefine +15: Holy Skill DMG +12%",武器聖屬性\n聖屬性攻擊時，額外增加50點物理攻擊\n撒水祈福對自身使用獲得額外效果，攻擊中附加20%物理攻擊力的物理傷害\n精煉+6時，附加傷害提升至30%\n精煉+10時，附加傷害提升至40%\n精煉+15時，聖屬性技能傷害+12%
dawn-hammer-style-04,dawn-hammer,style,4,植物,Plant,植物,,,,,Vit+5\n味方にすべての化学兵器保護をかけると、対象の物理ダメージ軽減と魔法ダメージ軽減がさらに10%増加\n精錬+6時、地獄の植物でダメージを受けた対象は2秒間物理防御と魔法耐性が15%減少\n精錬+10時、叫び効果を受けた対象はさらに15%移動速度が減少\n精錬+12時、MaxHP+8%\n精錬+15時、魔法攻撃+8%,"VIT +5\nWhen applying all [Chemistry Weapon Protection] to party members, additionally increase the target's PDMG Reduction and MDMG Reduction by 10%\nRefine +6: Targets damaged by [Hell's Plant] have their PDEF and MDEF reduced by 15% for 2 seconds\nRefine +10: Targets affected by the [Scream] have their MSPD additionally reduced by 15%\nRefine +12: Max HP +8%\nRefine +15: MATK +8%",體質+5\n為隊友施加所有化學武器保護時，額外提升目標10%物理傷害減免和魔法傷害減免\n精煉+6時，受地獄植物傷害的目標降低15%物理防禦和魔法防禦，持續2秒\n精煉+10時，受尖叫效果影響的目標額外降低15%移動速度\n精煉+12時，生命值上限+8%\n精煉+15時，魔法攻擊+8%
dawn-scepter-style-01,dawn-scepter,style,1,黛雅,Dea Staff,黛雅,,,,,Int+12\n治癒術の回復量に魔法攻撃力*100%を追加\n精錬+2ごとに、魔法攻撃力+1.2%\n精錬+10時、治癒術は対象に5秒間持続する回復効果（HOT）を付与。毎秒魔法攻撃力の50%分のHPを回復し、同時に受ける回復量が20%増加する,"Nil\n[Heal] restores MATK*100% more HP\nFor every refine +2, MATK +1.2%\nRefine +10, [Heal] also grants the target a hot for 5s, restoring HP equal to 50% of MATK per second, and increases healing received by 20%",智力+12\n治療術的治療量額外+魔法攻擊*100%\n精煉每+2，魔法攻擊+1.2%\n精煉+10時，治療術會同時給目標增加一個持續治療狀態，持續5秒，每秒恢復魔法攻擊50%的生命值，同時受到的治療量增加20%
dawn-scepter-style-02,dawn-scepter,style,2,全快,Recovery,痊癒,,,,,治癒術の効果を80%に低下させる。治癒術は対象の周囲3m以内のキャラクターに治癒術の30%の効果を与える\n精錬+6時、治癒術の効果は低下せず、範囲回復効果は治癒術の70%に上昇\n精錬+10時、範囲回復効果は治癒術の60%に上昇\n精錬+15時、治癒術の効果は90%に上昇,[Heal] effectiveness is reduced to 80%; [Heal] restores 30% of its effect to units within 3m of the target.\nRefine +6: Heal effectiveness is not reduced. AoE healing increases to 70% of [Heal]'s effect.\nRefine +10: AoE healing increases to 60% of [Heal]'s effect.\nRefine +15: [Heal] effectiveness increases to 90%.,治療術效果降低為80%，治療術會對目標周圍3米內角色造成30%治療術的效果\n精煉+6時，治療術效果不降低，範圍治療效果提升至治療術的70%\n精煉+10時，範圍治療效果提升至治療術的60%\n精煉+15時，治療術效果提升至90%
dawn-scepter-style-03,dawn-scepter,style,3,呪い,Curse,詛咒,,,,,全体ディレイ-14%\n精錬+6以上の時、全体ディレイ-5%\n精錬+1毎に、全体ディレイ-0.5%\n精錬+1毎に、魔法攻撃+22,Global CD -14%\nRefine +6: Global CD -5%\nFor every Refine +1: Global CD -0.5%\nFor every Refine +1: MATK +22,技能共同冷卻時間-14%\n精煉+6時技能共同冷卻時間-5%\n精煉每+1，技能共同冷卻時間-0.5%\n精煉每+1，魔法攻擊+22
dawn-scepter-style-04,dawn-scepter,style,4,神聖,Holy,神聖,,,,,魔法攻撃+90\n転生術の可変詠唱時間-50%\n十字駆魔の可変詠唱時間-50%\n精錬+10時、十字駆魔スキルダメージ+12%\n精錬+10時、十字駆魔固定詠唱時間-1秒\n精錬+15時、魔法ダメージ+20%,Nil\n[Turn Undead] Variable CT -50%\n[Magnus Exorcismus] Variable CT -50%\nRefine +10: [Magnus Exorcismus] Skill DMG +12%\nRefine +10: [Magnus Exorcismus] Fixed CT -1s\nRefine +15: MDMG +20%,魔法攻擊+90\n轉生術可變詠唱時間-50%\n十字驅魔攻擊可變詠唱時間-50%\n精煉+10時，十字驅魔攻擊技能傷害+12%\n精煉+10時，十字驅魔攻擊固定詠唱時間-1秒\n精煉+15時，魔法傷害+20%
dawn-scepter-style-05,dawn-scepter,style,5,魂咬,Mighty Staff,魂咬,,,,,スキル発動ごとに霊巫効果を1層獲得。各層で魔法攻撃ボーナス+10%、攻撃速度+5%（持続1秒）。最大2層まで積み重ね可能。最大層数に達すると魂咬状態へ移行（魂咬：攻撃ごとに追加で魔法攻撃*400%の追加ダメージ）\n精錬+6時、霊巫最大スタック数+1\n精錬+10時、霊巫最大スタック数+2\n精錬+15時、追加ダメージが魔法攻撃*300%上昇,"When you use a skill, gain 1 stack of Spirit Witch for 1 sec, up to 2 stacks. When Spirit Witch is at 2 stacks, gain Almighty. Spirit Witch: MATK +10%, ASPD +5%; Almighty: Your attacks deal MATK*400% additional DMG.\nRefine +6: Spirit Witch stacks +1\nRefine +10: Spirit Witch stacks +2\nRefine +15: Increases the additional DMG by MATK*300%.",每次釋放技能獲得一層靈巫效果，每層靈巫提升魔法攻擊加成10%，攻速5%，持續1秒，最多2層，達到最大層數進入魂咬狀態（魂咬：每次攻擊額外附加魔法攻擊*400%的傷害）\n精煉+6時靈巫最大層數+1\n精煉+10時靈巫最大層數+2\n精煉+15時額外傷害提升魔法攻擊*300%
dawn-staff-style-01,dawn-staff,style,1,大巫師,Archwizard,大巫師,,,,,Int+15\nInt1ポイントごとに魔法攻撃+1\n精錬+6時、魔法攻撃+70\n精錬+10時、魔法攻撃+70\n精錬+15時、魔法攻撃+100,INT +15\n+1 MATK per 1 INT\nRefine +6: +70 MATK\nRefine +10: +70 MATK\nRefine +15: +100 MATK,智力+15\n每1點智力額外使魔法攻擊+1\n精煉+6時魔法攻擊+70\n精煉+10時魔法攻擊+70\n精煉+15時魔法攻擊+100
dawn-staff-style-02,dawn-staff,style,2,魂咬,Mighty Staff,魂咬,,,,,スキル発動ごとに霊巫効果を1層獲得。各層で魔法攻撃ボーナス+10%、攻撃速度+5%（持続1秒）。最大2層まで積み重ね可能。最大層数に達すると魂咬状態へ移行（魂咬：攻撃ごとに追加で魔法攻撃*400%の追加ダメージ）\n精錬+6時、霊巫最大スタック数+1\n精錬+10時、霊巫最大スタック数+2\n精錬+15時、追加ダメージが魔法攻撃*300%上昇,"When you use a skill, gain 1 stack of Spirit Witch for 1 sec, up to 2 stacks. When Spirit Witch is at 2 stacks, gain Almighty. Spirit Witch: MATK +10%, ASPD +5%; Almighty: Your attacks deal MATK*400% additional DMG.\nRefine +6: Spirit Witch stacks +1\nRefine +10: Spirit Witch stacks +2\nRefine +15: Increases the additional DMG by MATK*300%.",每次釋放技能獲得一層靈巫效果，每層靈巫提升魔法攻擊加成10%，攻速5%，持續1秒，最多2層，達到最大層數進入魂咬狀態（魂咬：每次攻擊額外附加魔法攻擊*400%的傷害）\n精煉+6時靈巫最大層數+1\n精煉+10時靈巫最大層數+2\n精煉+15時額外傷害提升魔法攻擊*300%
dawn-staff-style-03,dawn-staff,style,3,クロノス,Kronos,克羅諾斯,,,,,Int+15\nスキル発動時、30%の確率で自身の魔法攻撃力を30%上昇（持続時間6秒）\n精錬+1ごとに、Int+1\n精錬+1ごとに、最大HP+50\n精錬+1ごとに、魔法攻撃+10\n精錬+15時、魔法攻撃力上昇効果を40%に強化,INT +15\nYour skills have a 30% chance to grant you [MATK +30%] for 6 sec.\n+1 INT per +1 Refine\n+50 Max HP per +1 Refine\n+10 MATK per +1 Refine\nRefine +15: +10% Buff Potency,智力+15\n釋放技能有30%機率使自己魔攻提升30%，持續6秒\n精煉每+1，智力+1\n精煉每+1，生命上限+50\n精煉每+1，魔法攻擊+10\n精煉+15時觸發魔攻增加效果提升至40%
dawn-staff-style-04,dawn-staff,style,4,魔源,Netherforce,魔源,,,,,MaxSP+8%\n毎10のMaxSPごとに1の魔法攻撃力増加（最大4.5万MaxSPまで）\n精錬+6時、毎500のMaxSPごとにスキル共通クールダウン-1%短縮（最大-20%まで）\n精錬+10時、毎400のMaxSPごとに1%の魔法ダメージ増加（最大4.5万MaxSPまで）\n精錬+15時、MaxSP+5%,"Nil\nEvery 10 points of Max SP increase MATK by 1 (calculated up to a maximum of 45,000 Max SP)\nRefine +6: Every 500 points of Max SP reduce Global CD by -1% (up to -20%)\nRefine +10: Every 400 points of Max SP increase MDMG by 1% (calculated up to a maximum of 45,000 Max SP)\nRefine +15: Max SP +5%",魔法上限+8%\n每10點魔法值上限增加1點魔法攻擊（最高計算4.5萬魔法值上限）\n精煉+6時，每500點魔法值上限使技能共同冷卻時間-1%（最多-20%）\n精煉+10時，每400點魔法值上限增加1%魔法傷害（最高計算4.5萬魔法值上限）\n精煉+15時，魔法值上限+5%
dawn-bow-style-01,dawn-bow,style,1,ウルの決意,Ullr's Resolve,烏勒爾,,,,,雷撃衝撃の自動発動率+5%\n精錬+6時、ハヤブサの攻撃が発動するたび、対象に被遠距離物理ダメージ+6%を10秒間付与する。最大5重複\n精錬+10時、雷撃衝撃の発動率がさらに上昇し、上昇値はLuk/5\n精錬+12時、爆裂くちばしハヤブサのクリティカル率が4倍になり、ハヤブサスキルのクリティカルダメージ+30%\n精錬+15時、鋼のくちばしのダメージに、自身の物理ダメージ+5%および種族・サイズ・属性ダメージ増加効果が適用される,"[Blitz Beat] Trigger Chance +5%\nRefine +6: Each trigger of falcon's attacks inflict [Ranged PDMG Taken +6%] on the target for 10 sec, stacking up to 5 times.\nRefine +10: Your [Blitz Beat] Trigger Chance +(LUK/5)%.\nRefine +12: CRIT chance of Burst Claw Falcon is increased to 4x, and the CRIT DMG of Falcon skills is increased by 30%.\nRefine +15: Damage dealt by Steel Crow is additionally affected by 5% of your PDMG, Race, Size, and Element bonus.",閃電衝擊被動觸發機率提升5%\n精煉+6時，每次觸發獵鷹攻擊，會使目標受到遠距離物理傷害提升，提升值為6%，持續10秒，最多疊加5層\n精煉+10時，你的閃電衝擊觸發額外提升，提升值為幸運/5\n精煉+12時，爆裂啄獵鷹暴擊機率提升至4倍，獵鷹技能暴擊傷害提升30%\n精煉+15時，鋼製喙造成的傷害受到自身5%的物理傷害、種族、體型和元素加成
dawn-bow-style-02,dawn-bow,style,2,知恵の女神,Goddess of Wisdom,智慧女神,,,,,魔法攻撃+100\nすべての罠スキルでダメージを与えた時、追加で自身の魔法攻撃力300%分のダメージを与える\n精錬+1ごとに、魔法攻撃+10\n精錬+6時、風・火・地属性ダメージ+15%\n精錬+10時、すべての攻撃スキルでダメージを与えた時、追加で自身の魔法攻撃力100%分のダメージを与える\n精錬+15時、魔法ダメージ+10%,MATK +100\nYour traps deal an additional 300% MDMG.\nFor every Refine +1: MATK +10\nRefine +6: Wind / Earth / Fire DMG +15%\nRefine +10: Your offensive skills deal an additional 100% MDMG.\nRefine +15: MDMG +10%,魔法攻擊+100\n所有陷阱造成傷害時額外附加300%魔法攻擊力的傷害\n精煉每+1，魔法攻擊力+10\n精煉+6時風、火、地屬性技能傷害+15%\n精煉+10時所有技能造成傷害時額外附加100%魔法攻擊力的傷害\n精煉+15時魔法傷害+10%
dawn-fist-style-01,dawn-fist,style,1,マラン島の大ガニ,Malangdo Crab,大蟹,,,,,攻撃速度+8%\n気弾1個ごとに攻撃力+8\n六合拳発動時、自身に物理ダメージ+12%を10秒間付与\n精錬+6時、気弾1個ごとの攻撃力上昇値が16になる\n精錬+10時、攻撃時、5%の確率で5秒間、物理攻撃+12%\n精錬+15時、六合拳発動時、さらに物理ダメージ+8%,Nil\nEach Spirit Sphere additionally grants 8 ATK\nWhen Triple Attack is triggered, additionally increase your PDMG by 12% for 10s\nRefine +6: Each Spirit Sphere increases 16 ATK\nRefine +10: When attacking, has a 5% chance to increase your PATK by 12% for 5s\nRefine +15: When Triple Attack is triggered, additionally increase PDMG by 8%,攻擊速度+8%\n每顆氣彈額外提升8點攻擊力\n觸發六合拳時，額外提升自己12%物理傷害，持續10秒\n精煉+6時，每顆氣彈提升攻擊力至16點\n精煉+10時，攻擊時有5%機率提升自身12%物理攻擊，持續5秒\n精煉+15時，觸發六合拳額外提升物理傷害8%
dawn-fist-style-02,dawn-fist,style,2,昇龍,Fist,升龍,,,,,Int+8\nMaxSP+350\n阿修羅覇凰拳のダメージ倍率+240%\n精錬+6時、阿修羅覇凰拳のダメージ倍率+360%\n精錬+10時、阿修羅覇凰拳の固定詠唱時間がなくなる\n精錬+15時、MaxSP+（総Str/18）%,INT +8\nMax SP +350\n[Asura Strike] DMG +240%\nRefine +6: [Asura Strike] DMG +360%\nRefine +10: [Asura Strike] no longer has a Fixed CT.\nRefine +15: Max SP +(STR/18)%,智力+8\n魔法上限+350\n阿修羅霸王凰拳技能傷害倍率+240%\n精煉+6時阿修羅霸王凰拳技能傷害倍率+360%\n精煉+10時阿修羅霸王凰拳技能不再有固定詠唱時間\n精煉+15時魔法上限提升（總力量/18）%
dawn-fist-style-03,dawn-fist,style,3,閃光,Flash,閃光,,,,,Str+3\nDex+5\n弾指神通が70%の確率で気弾を消費しない\nDex10ごとに弾指神通のダメージ+2%\n精錬+6時、弾指神通が対象の物理防御を45%無視\n精錬+10時、弾指神通のスキルダメージ+15%\n精錬+15時、弾指神通が50%の確率でスキルダメージ+20%,STR +3\nDEX +5\nFinger Offensive has a 70% chance to not consume Spirit Sphere\nFinger Offensive deals 2% more damage per 10 points of DEX you have.\nRefine +6: Finger Offensive ignores 45% of the target's PDEF.\nRefine +10: Finger Offensive deals 15% more damage.\nRefine +15: Finger Offensive gains a 50% chance to deal 20% more damage.,力量+3\n靈巧+5\n彈指神通有70%機率不消耗氣彈\n每10點靈巧額外提升2%彈指神通傷害\n精煉+6時，彈指神通無視目標45%物理防禦\n精煉+10時，彈指神通技能傷害+15%\n精煉+15時，彈指神通有50%機率技能傷害+20%
dawn-guitar-style-01,dawn-guitar,style,1,電子,Electric Guitar,電子,,,,,風属性ダメージ+17%\n楽器攻撃・奥義矢乱舞発動時、追加で単体600%倍率（PVP時200%倍率）の風属性物理感電攻撃を発動（クールダウン1秒）\n精錬+6時、感電攻撃が30%確率で追加ダメージを2回発動\n精錬+10時、感電攻撃倍率+150%\n精錬+15時、物理攻撃+12%,"Nil\nCasting [Melody Strike] or [Arrow Vulcan] additionally triggers a ST Wind [Volt Attack] with 600% multiplier (200% in PVP), CD: 1s\nRefine +6: [Volt Attack] has a 30% chance to trigger 2 additional damage\nRefine +10: [Volt Attack] multiplier +150%\nRefine +15: PATK +12%",風屬性技能傷害+17%\n釋放樂器攻擊、奧義箭亂舞會額外觸發一次單體600%倍率（PVP場景為200%倍率）的風屬性物理感電攻擊，冷卻時間1秒\n精煉+6時，感電攻擊有30%機率額外觸發兩次傷害\n精煉+10時，感電攻擊倍率增加150%\n精煉+15時，物理攻擊+12%
dawn-guitar-style-02,dawn-guitar,style,2,熱情,Passion,熱情,,,,,火属性ダメージ+17%\n不協和音を放つ際、追加で「炎の狂想曲」を発動。毎秒、周囲の最大10体の敵ユニットに800%ATK（PVP150%倍率）の火属性物理ダメージを与える。効果持続時間10秒\n精錬+6時、炎の狂想曲のダメージが50%上昇\n精錬+10時、炎の狂想曲の範囲+1\n精錬+15時、物理攻撃+12%,"Nil\nWhen casting [Unchained Serenade], additionally triggers [Flame Rhapsody], dealing Fire PDMG equal to 800% ATK per second (PVP: 150%) to up to 10 nearby enemy targets for 10s\nRefine +6: [Flame Rhapsody] damage +50%\nRefine +10: [Flame Rhapsody] range +1\nRefine +15: PATK +12%",火屬性技能傷害+17%\n釋放不和諧音時，會額外觸發火焰狂想曲，每秒對周圍最多10個敵方單位造成800%攻擊力（PVP場景為150%倍率）火屬性物理傷害，效果持續10秒\n精煉+6時，火焰狂想曲傷害提升50%\n精煉+10時，火焰狂想曲範圍+1\n精煉+15時，物理攻擊+12%
dawn-guitar-style-03,dawn-guitar,style,3,伝奇,Legendary,傳奇,,,,,ソロ演奏やアンサンブル効果の影響下では、受ける物理・魔法ダメージが5%減少\nエデンのリンゴの回復効果+30%\n精錬+6時、エデンのリンゴの回復効果+40%\n精錬+10時、エデンのリンゴ発動時、追加で7%のダメージ軽減効果を3秒間付与\n精錬+15時、物理ダメージ+15%,"When affected by Solo/Duo Performance, gain [PATK/MATK Taken -5%].\n[Song of Lutie] Healing Effect +30%\nRefine +6: [Song of Lutie] Healing Effect +40%\nRefine +10: [DMG Reduction +7%] for 3 sec while [Song of Lutie] is actice.\nRefine +15: PDMG +15%",受到獨奏、合奏效果影響時，受到物理、魔法攻擊降低5%\n伊登的蘋果治療效果+30%\n精煉+6時，伊登的蘋果治療效果+40%\n精煉+10時，伊登的蘋果生效時，會額外提升7%傷害減免，持續3秒\n精煉+15時，物理傷害+15%
dawn-whip-style-01,dawn-whip,style,1,感電,Inductive,感電,,,,,風属性ダメージ+17%\nスローアロー、アローバルカン発動時、追加で単体600%倍率（PVP時200%倍率）の風属性物理感電攻撃を発動する。クールダウン1秒\n精錬+6時、物理攻撃+12%\n精錬+10時、感電攻撃倍率+150%\n精錬+15時、感電攻撃が30%確率で追加2回ダメージを発動,"Wind Skill DMG +17%\nUpon casing [Throw Arrow] or [Arrow Vulcan], you also unleash [Electrifying Shot], dealing 600% (PvE) or 200% (PvP) Wind PDMG to the target. (Cooldown: 1 sec)\nRefine +6: PATK +12%\nRefine +10: [Electrifying Shot] DMG Multiplier +150%\nRefine +15: [Electrifying Shot] gains a 30% chance to attack 3 times.",風屬性技能傷害+17%\n釋放纏箭投擲、奧義箭亂舞會額外觸發一次單體600%倍率（PVP200%倍率）的風屬性物理感電攻擊，冷卻時間1秒\n精煉+6時物理攻擊+12%\n精煉+10時感電攻擊倍率增加150%\n精煉+15時感電攻擊有30%機率額外觸發兩次傷害
dawn-whip-style-02,dawn-whip,style,2,伝奇,Legendary,傳奇,,,,,独奏・合奏発動時、受ける物理・魔法ダメージが5%減少\n[Gypsy's Kiss]の回復効果+30%\n精錬+6時、[Gypsy's Kiss]の回復効果+40%\n精錬+10時、[Gypsy's Kiss]発動時、追加で7%のダメージ軽減効果を3秒間付与\n精錬+15時、物理ダメージ+15%,"When performing Solo/Duo Performance, gain [PATK/MATK Taken -5%].\n[Gypsy's Kiss] Healing Effect +30%\nRefine +6: [Gypsy's Kiss] Healing Effect +40%\nRefine +10: [DMG Reduction +7%] for 3 sec while [Gypsy's Kiss] is actice.\nRefine +15: PDMG +15%",發動獨奏、合奏時，受到物理、魔法攻擊降低5%\n為你服務治療效果+30%\n精煉+6時，為你服務治療效果+40%\n精煉+10時，為你服務生效時，會額外提升7%傷害減免，持續3秒\n精煉+15時，物理傷害+15%
dawn-whip-style-03,dawn-whip,style,3,火炎,Fire,火焰,,,,,火属性ダメージ+17%\n[Hip Shaker]発動時、追加でフレイムラプソディが発動し、毎秒、周囲の最大10体の敵ユニットに攻撃力800%（PVP200%倍率）の火属性物理ダメージを与える。効果は10秒持続する\n精錬+6時、物理攻撃+12%\n精錬+10時、フレイムラプソディ射程+1\n精錬+15時、フレイムラプソディダメージ+50%,"Nil\nWhen casting Hip Shaker, additionally triggers Flame Rhapsody, dealing Fire PDMG equal to 800% ATK (PVP: 200%) per second to up to 10 nearby enemy units. Effect lasts 10s\nRefine +6: PATK +12%\nRefine +10: Flame Rhapsody range +1\nRefine +15: Flame Rhapsody damage +50%",火屬性技能傷害+17%\n施放醜陋之舞時，會額外觸發火焰狂想曲，每秒對周圍最多10個敵方單位造成800%物理攻擊（PVP200%倍率）火屬性物理傷害，效果持續10秒\n精煉+6時，物理攻擊+12%\n精煉+10時，火焰狂想曲範圍+1\n精煉+15時，火焰狂想曲傷害提升50%
dawn-whip-style-04,dawn-whip,style,4,熱情,Passion,熱情,,,,,火属性ダメージ+17%\n不協和音を放つ際、追加で「炎の狂想曲」を発動。毎秒、周囲の最大10体の敵ユニットに800%ATK（PVP150%倍率）の火属性物理ダメージを与える。効果持続時間10秒\n精錬+6時、炎の狂想曲のダメージが50%上昇\n精錬+10時、炎の狂想曲の範囲+1\n精錬+15時、物理攻撃+12%,"Nil\nWhen casting [Unchained Serenade], additionally triggers [Flame Rhapsody], dealing Fire PDMG equal to 800% ATK per second (PVP: 150%) to up to 10 nearby enemy targets for 10s\nRefine +6: [Flame Rhapsody] damage +50%\nRefine +10: [Flame Rhapsody] range +1\nRefine +15: PATK +12%",火屬性技能傷害+17%\n釋放不和諧音時，會額外觸發火焰狂想曲，每秒對周圍最多10個敵方單位造成800%攻擊力（PVP場景為150%倍率）火屬性物理傷害，效果持續10秒\n精煉+6時，火焰狂想曲傷害提升50%\n精煉+10時，火焰狂想曲範圍+1\n精煉+15時，物理攻擊+12%
dawn-book-style-01,dawn-book,style,1,古代魔法,Ancient Magic,遠古,,,,,属性ダメージ増加効果+20%\n精錬+6時、元素領域クールタイム-5秒\n精錬+10時、自身が味方の元素領域内にいる場合、毎秒7%魔法攻撃力を上昇（最大3重スタック）\n精錬+15時、自身が味方の元素領域内にいる場合、属性矢系スキルに200%の元素爆裂ダメージを追加,"Elemental DMG +20%\nRefine +6: Elemental Domain Cooldown -5 sec\nRefine +10: While remaining within the radius of a friendly Elemental Domain, you gain [MATK +7%] per sec, stacking up to 3 times.\nRefine +15: While remaining within the radius of a friendly Elemental Domain, your [Fire Bolt], [Cold Bolt], and [Lightning Bolt] inflict 200% additional damage.",元素屬性增傷效果增強20%\n精煉+6時，元素領域冷卻時間-5s\n精煉+10時，自身處於友方元素領域中，每秒提升7%魔法攻擊力，最多疊加3層\n精煉+15時，自身處於友方元素領域中，你的屬性箭類技能會附加200%的元素爆裂傷害
dawn-book-style-02,dawn-book,style,2,インテレクトタブレット,Intellect Tablet,智慧石碑,,,,,Int+8\n無属性ダメージ+12%\n竜の知識Lv.5習得時、魔法攻撃+12%\n精錬+6時、超自然波の固定詠唱-1秒\n精錬+10時、超自然波のダメージ+30%\n精錬+15時、魔法ダメージ+15%\n精錬+15時、超自然波の共通遅延-1秒,"Nil\nNil\nWhen [Dragonology] reaches Lv.5, grants [MATK +12%]\nRefine +6: reduces fixed CT of [Psychic Wave] by -1s\nRefine +10: increases [Psychic Wave] damage by 30%\nRefine +15: increases MDMG by 15%\nRefine +15: reduces global CD of [Psychic Wave] by 1s",智力+8\n無屬性技能傷害+12%\n習得龍之知識Lv.5時，魔法攻擊+12%\n精煉+6時，超自然波固定吟唱-1s\n精煉+10時，超自然波傷害提升30%\n精煉+15時，魔法傷害提升15%\n精煉+15時，超自然波公共延遲降低1秒
dawn-book-style-03,dawn-book,style,3,戦略,Strategy,策略,,,,,"Int+8\n魔法攻撃+12%\n精錬+6時、知力1ごとにMaxSP+14\n精錬+10時、MaxSP200ごとに魔法ダメージ+1%（最大55,000MaxSPで計算）\n精錬+15時、虚無の矢・精神衰弱術の基本ダメージ+14%","INT +8\nMATK +12%\nRefine +6: Every 1 points of INT additionally increases Max SP by 14\nRefine +10: Every 200 points of Max SP increases MDMG by 1% (calculated up to a maximum of 55,000 Max SP)\nRefine +15: [Void Bolt] and [Weaken Mind] base damage increased by 14%",智力+8\n魔法攻擊+12%\n精煉+6時，每1點智力額外提升14點魔法值上限\n精煉+10時，每200點魔法值上限增加1%魔法傷害（最高計算5.5萬魔法值上限）\n精煉+15時，虛無之箭、精神耗弱術基礎傷害提升14%
dawn-book-style-04,dawn-book,style,4,エレメントファウンテン魔導書,Element Fountain Magic Book,源泉,,,,,火箭術、雷撃術、氷箭術、地震術のダメージ+5%\n精錬+1ごとに、魔法攻撃+1%\n精錬+6時、ダブルスローがトリプルスローを発動可能（ダメージは基本値の60%）\n精錬+10時、火箭術・雷撃術・氷箭術・地震術のダメージ+20%\n精錬+12時、魔法ダメージ+10%\n精錬+15時、火・風・水・地属性ダメージ+10%,"Fire Bolt, Lightning Bolt, Cold Bolt, and Earth Spike deal 5% more damage.\nFor every Refine +1, MATK +1%\nRefine +6: Double Cast can trigger Triple Cast, dealing 60% of the original damage.\nRefine +10: Damage of Fire Bolt, Lightning Bolt, Cold Bolt, and Earth Spike +20%\nRefine +12: MDMG +10%\nRefine +15: Fire, Water, Wind, and Earth Elemental DMG +10%",火箭術、雷擊術、冰箭術、地震術傷害提升5%\n每精煉+1，魔法攻擊增加1%\n精煉+6時，雙倍投擲可以觸發三倍投擲，造成的傷害為初始傷害的60%\n精煉+10時，火箭術、雷擊術、冰箭術、地震術傷害提升20%\n精煉+12時，魔法傷害增加10%\n精煉+15時，火、風、水、地元素傷害提升10%
dawn-katar-style-01,dawn-katar,style,1,ロキ,Loki,洛奇,,,,,クリティカル+6\n攻撃時、10%の確率でロキの勇気を発動（攻撃速度+15%、クリティカル+10、3秒継続）\n精錬+6以上の時、クリティカル+3\n精錬+6以上の時、クリティカルダメージ+3%\n精錬+10以上の時、クリティカルダメージ+6%\n精錬+15以上の時、ロキの勇気発動時、クリティカルダメージ+10%,"CRIT +6\nYour attacks have a 10% chance to grant you [Loki's Courage] for 3 sec.\nLoki's Courage: Gains [ASPD +15%, CRIT +10].\nRefine +6: CRIT +3\nRefine +6: CRIT DMG +3%\nRefine +10: CRIT DMG +6%\nRefine +15: [Loki's Courage] now additionally grants you [CRIT DMG +10%].",暴擊+6\n攻擊時有10%機率觸發洛奇的勇氣：攻擊速度+15%、暴擊+10，持續3秒\n精煉+6時暴擊+3\n精煉+6時暴擊傷害+3%\n精煉+10時暴擊傷害+6%\n精煉+15時洛奇的勇氣額外增加10%暴擊傷害
dawn-katar-style-02,dawn-katar,style,2,婆蘇提婆,Blade of Vasu Aryadeva,婆蘇提婆,,,,,音速投擲はASPDの影響を受ける\n音速投擲はクリティカルが発生可能で、クリティカル率はキャラクターのクリティカル率の75%に相当する\n精錬+6時、クリティカル+10\n精錬+10時、音速投擲スキルダメージ倍率+100%\n精錬+15時、クリティカルダメージ+5%,"Sonic Blow is affected by ASPD.\nSonic Blow can deal CRITs, with the CRIT Rate equal to 75% of the character's CRIT Rate.\nRefine +6: CRIT +10\nRefine +10: Skill DMG Multiplier of Sonic Blow +100%\nRefine +15: CRIT DMG +5%",音速投擲受到攻擊速度影響\n音速投擲可以暴擊，暴擊率等同於人物暴擊的75%\n精煉+6時，暴擊+10\n精煉+10時，音速投擲技能傷害倍率+100%\n精煉+15時，暴擊傷害+5%
dawn-katar-style-03,dawn-katar,style,3,無影,Grimtooth,無影,,,,,クリティカル+5\nクリティカルダメージ+5%\n精錬+6時、影牙で対象を倒すと5秒間持続する影牙効果を獲得。各層ごとに防御無視が2%増加（最大2層）\n精錬+10時、影牙の最大層数が2層増加。影牙の詠唱距離+1\n精錬+15時、影牙の最大層数が2層増加。クリティカルダメージ+5%,"CRIT +5\nCRIT DMG +5%\nRefine +6: Upon defeating an enemy with [Grimtooth], you gain [Shadowtooth] effect for 5 sec. Each stack of [Shadowtooth] increases [Ignore DEF] by 2%, up to 2 stacks.\nRefine +10: [Shadowtooth]'s max stacks +2, and [Grimtooth]'s casting range +1\nRefine +15: [Shadowtooth]'s max stacks +2, CRIT DMG +5%.",暴擊+5\n暴擊傷害+5%\n精煉+6時，無影之牙擊殺目標可獲得持續5秒的影牙效果，每層影牙增加2%忽視防禦，最多2層\n精煉+10時，影牙層數上限增加2層，無影之牙施法距離+1\n精煉+15時，影牙層數上限增加2層，暴擊傷害+5%
dawn-crossbow-blade-style-01,dawn-crossbow-blade,style,1,カルダー,Calder,考爾德,,,,,攻撃速度+8%\n精錬+6時、奇襲攻撃/奇襲射撃のダメージ倍率+80%\n精錬+10時、物理ダメージ+8%\n精錬+15時、スナッチャー習得後、通常攻撃で奇襲攻撃/奇襲射撃が発動する確率+5%,ASPD +8%\nRefine +6: [Raiding Strike] / [Raiding Shot] DMG Multiplier +80%\nRefine +10: PDMG +8%\nRefine +15: [Snatcher] increases the chance for your normal attacks to trigger [Raiding Strike] / [Raiding Shot] by 5%.,攻擊速度+8%\n精煉+6時，巧取攻擊/私掠射擊倍率提升80%\n精煉+10時，物理傷害+8%\n精煉+15時，學習強奪技能後，普通攻擊觸發巧取攻擊/私掠射擊的機率增加5%
dawn-crossbow-blade-style-02,dawn-crossbow-blade,style,2,精霊,Elf,精靈,,,,,クリティカル+8\n精錬+6時、クリティカルダメージ+3%\n精錬+10時、バックスタブとサプライズアタックは常にターゲットの背後から使用したものとして判定される\n精錬+15時、バックスタブダメージ+15%,CRIT +8\nRefine +6: CRIT DMG +3%\nRefine +10: [Backstab] and [Surprise Attack] are now always considered used from behind the target.\nRefine +15: [Backstab] DMG +15%,暴擊+8\n精煉+6時，暴擊傷害+3%\n精煉+10時，使用流氓背刺和襲擊均視為從目標背後進行攻擊\n精煉+15時，背刺傷害提升15%
dawn-crossbow-blade-style-03,dawn-crossbow-blade,style,3,天龍,Legacy of Dragon,天龍,,,,,Str+8\n精錬+6時、3回ごとにスキルをコピーすると、次の攻撃またはスキル使用時に「魔龍の祝福」を得て、その後10秒間80%の物理・魔法ダメージボーナスを得る（内蔵クールダウン15秒）\n精錬+10時、コピーしたダメージスキルのダメージが20%増加\n精錬+15時、スキルダメージが3%増加,"Nil\nRefine +6: Every 3 times you use a copied skill, your next attack or skill will grant [Dragon's Blessing], increasing PDMG/MDMG Bonus by 80% for the next 10 seconds. Internal CD: 15 seconds\nRefine +10: Skill DMG of copied skills +20%\nRefine +15: Skill DMG +3%",力量+8\n精煉+6時，每使用3次抄襲獲得的技能，下一次攻擊或使用技能時會獲得魔龍的祝福，在接下來10秒內獲得80%物理和魔法傷害加成，該效果15秒內最多觸發一次\n精煉+10時，抄襲獲得的傷害技能傷害增加20%\n精煉+15時，技能傷害+3%
dawn-foxtail-grass-style-01,dawn-foxtail-grass,style,1,彩羽,Colorful Feather,彩羽,,,,,物理ダメージ+7%\n召喚生物スキルダメージ+10%\n精錬+6時、物理攻撃+11%\n精錬+10時、召喚物攻撃+12%\n精錬+15時、召喚生物スキルダメージ+5%,Nil\nSummoned creatures' skill DMG +10%\nRefine +6: PATK +11%\nRefine +10: Summoned creatures' ATK +12%\nRefine +15: Summoned creatures' skill DMG +5%,物理傷害+7%\n召喚生物技能傷害增加10%\n精煉+6，物理攻擊+11%\n精煉+10，召喚物攻擊提高12%\n精煉+15，召喚生物技能傷害增加5%
dawn-foxtail-grass-style-02,dawn-foxtail-grass,style,2,暗香にんにく,Scallion,暗香蒜頭,,,,,魔法ダメージ+7%\nマタタビの槍命中後、5秒以内に使用する次のマタタビの槍ダメージ+12%\n精錬+6時、キャットニップメテオがダメージを与えた時、10%の確率でマタタビの槍を自動発動\n精錬+10時、キャットニップメテオとマタタビの槍が状態異常の敵に与えるダメージ+16%\n精錬+15時、魔法攻撃+11%,Nil\n[Silvervine Stem Spear] hit boosts the damage of the next [Silvervine Stem Spear] within 5 seconds by 12%\nRefine +6: [Catnip Meteor] has a 10% chance to auto-cast [Silvervine Stem Spear] when dealing damage\nRefine +10: [Catnip Meteor] and [Silvervine Stem Spear] deal 16% more damage to enemies with a status effect\nRefine +15: MATK +11%,魔法傷害+7%\n獵徑桃根槍命中後會在5秒內使下一發獵徑桃根槍傷害提高12%\n精煉+6，貓薄荷隕石造成傷害時有10%機率釋放獵徑桃根槍\n精煉+10，貓薄荷隕石和獵徑桃根槍對異常狀態的敵人傷害提高16%\n精煉+15，魔法攻擊+11%
dawn-foxtail-grass-style-03,dawn-foxtail-grass,style,3,マジックマッシュルーム,Mushroom Stick,魔力菇,,,,,回復効果+7%\n活きエビの発動間隔が3秒ごとから2秒ごとに変化\n精錬+6時、グルーミング使用時、対象に最大HPの10%分のシールドを15秒付与\n精錬+10時、シュリンプ効果が2倍\n精錬+15時、魔法攻撃+11%,Nil\nFresh Shrimp changes from every 3 seconds to every 2 seconds\nRefine +6: Using [Grooming] grants the target a shield equal to 10% of Max HP for 15 seconds\nRefine +10: [Bunch of Shrimp] effect doubled\nRefine +15: MATK +11%,治療效果+7%\n活蝦每3秒變為每隔2秒\n精煉+6時，使用舔毛會對目標增加最大生命值10%的護盾，持續15秒\n精煉+10，蝦群效果翻倍\n精煉+15，魔法攻擊+11%
burglar-ring-1-set-01,burglar-ring-1,set,1,裂かれた月影,Ruptured Moon Shadow,割裂的月影,,2組のセット効果,2-piece Set Effect,2件套效果,セット内の2つの装備の精錬レベル合計に基づき、精錬が+3ごとに攻撃速度+0.5%、最大5%増加,"Based on the total Refinement levels of the set, +0.5 ASPD per Refine +3, up to 5%",基於套裝內兩件裝備的精煉等級之和，精煉每+3攻擊速度+0.5%，最多增加5%
burglar-ring-1-set-02,burglar-ring-1,set,2,ゆらめく月影,Pierced Moon Shadow,穿透的月影,,2組のセット効果,2-piece Set Effect,2件套效果,セット内の2つの装備の精錬レベル合計に基づき、精錬が+3ごとに物理ダメージ+0.25%、最大2.5%増加,"Based on the total Refine of the set, for every Refine +3: PDMG +0.25%, up to 2.5%",基於套裝內兩件裝備的精煉等級之和，精煉每+3，物理傷害+0.25%，最多增加2.5%
burglar-ring-1-set-03,burglar-ring-1,set,3,ゆらめく月影 I,Pierced Moon Shadow I,穿透的月影 I,,2組のセット効果,2-piece Set Effect,2件套效果,セット内の2つの装備の精錬レベル合計に基づき、精錬が+3ごとに物理ダメージ+0.5%、最大5%増加,"Based on the total Refine of the set, for every Refine +3: PDMG +0.5%, up to 5%",基於套裝內兩件裝備的精煉等級之和，精煉每+3，物理傷害+0.5%，最多增加5%
burglar-ring-1-set-04,burglar-ring-1,set,4,裂かれた月影 I,Ruptured Moon Shadow I,割裂的月影 I,,2組のセット効果,2-piece Set Effect,2件套效果,セット内の2つの装備の精錬レベル合計に基づき、精錬が+3ごとに攻撃速度+1%、最大10%まで増加,"Based on the total Refinement levels of the set, +1% ASPD per Refine +3, up to 10%.",基於套裝內兩件裝備的精煉等級之和，精煉每+3攻擊速度+1%，最多增加10%
dark-knight-gloves-1-set-01,dark-knight-gloves-1,set,1,暗黒騎士の決意,Fortitude of Dark Knight,黑暗騎士的堅決,,2組のセット効果,2-piece Set Effect,2件套效果,攻撃を受けた時、30%の確率で15秒間、暗黒騎士の決意を発動（暗黒騎士の決意：状態異常以外の被ダメージを3%軽減、被回復効果+10%）\n本効果のクールタイムは15秒,"When you take damage, gain a 30% chance to receive [DMG Reduction +3%, Healing Taken +10%] for 15 sec. (Cooldown: 15 sec)",受到攻擊時，有30%機率獲得黑暗騎士的意念，受到的所有傷害額外減免3%，受治療效果+10%，持續15秒，冷卻時間15秒
dark-knight-gloves-1-set-02,dark-knight-gloves-1,set,2,暗黒騎士の執念 I,Paranoid of Dark Knight I,黑暗騎士的執念 I,,2組のセット効果,2-piece Set Effect,2件套效果,攻撃時、30%の確率で15秒間、暗黒騎士の執念 Iを発動（暗黒騎士の執念 I：スキルダメージ+15%）\n本効果のクールタイムは20秒,Your attacks gain a 30% chance to grant you [Skill DMG +15%] for 15 sec. (Cooldown: 20 sec),攻擊時有30%機率獲得黑暗騎士的意念，所有技能傷害+15%(普通攻擊無法生效)，持續15秒，冷卻時間20秒
dark-knight-gloves-1-set-03,dark-knight-gloves-1,set,3,暗黒騎士の執念,Paranoid of Dark Knight,黑暗騎士的執念,,2組のセット効果,2-piece Set Effect,2件套效果,攻撃時、30%の確率で15秒間、暗黒騎士の執念を発動（暗黒騎士の執念：スキルダメージ+10%）\n本効果のクールタイムは20秒,Your attacks gain a 30% chance to grant you [Skill DMG +10%] for 15 sec. (Cooldown: 20 sec),攻擊時有30%機率獲得黑暗騎士的意念，所有技能傷害+10%(普通攻擊無法生效)，持續15秒，冷卻時間20秒
dark-knight-gloves-1-set-04,dark-knight-gloves-1,set,4,暗黒騎士の決意 I,Fortitude of Dark Knight I,黑暗騎士的堅決 I,,2組のセット効果,2-piece Set Effect,2件套效果,攻撃を受けた時、30%の確率で15秒間、暗黒騎士の決意 Iを発動（暗黒騎士の決意 I：状態異常以外の被ダメージを5%軽減、被回復効果+15%）\n本効果のクールタイムは15秒,"When you take damage, gain a 30% chance to receive [DMG Reduction +5%, Healing Taken +15%] for 15 sec. (Cooldown: 15 sec)",受到攻擊時，有30%機率獲得黑暗騎士的意念，受到的所有傷害額外減免5%，受治療效果+15%，持續15秒，冷卻時間15秒
divine-queen-bracelet-1-set-01,divine-queen-bracelet-1,set,1,フリッグの涙 I,,芬撒里爾的淚痕 I,,2組のセット効果,,2件套效果,BaseLv+8毎に、回復効果+1%,,基於自身的base等級，等級每+8，治療效果+1%
divine-queen-bracelet-1-set-02,divine-queen-bracelet-1,set,2,フリッグの涙,Tears of Fensalir,芬撒里爾的淚痕,,2組のセット効果,2-piece Set Effect,2件套效果,自身のベースレベルに基づき、レベルが+10ごとに回復効果+1%,"Based on your Base level, for every 10 levels, your healing effect +1%",基於自身的base等級，等級每+10，治療效果+1%
divine-queen-bracelet-1-set-03,divine-queen-bracelet-1,set,3,フリッグの嘆き I,Lament of Fensalir I,芬撒里爾的嘆息 I,,2組のセット効果,2-piece Set Effect,2件套效果,魔法上限が1000ポイントごとに魔法ダメージが1%増加し、最大で10%増加する,"MDMG +1% for every 1000 points of Max SP, up to 10%",每1000點魔法上限增加1%魔法傷害，最多增加10%
divine-queen-bracelet-1-set-04,divine-queen-bracelet-1,set,4,フリッグの嘆き,Lament of Fensalir,芬撒里爾的嘆息,,2組のセット効果,2-piece Set Effect,2件套效果,魔法上限が1000ポイントごとに魔法ダメージが1%増加し、最大5%まで増加する,"MDMG +1% for every 1000 points of Max SP, up to 5%",每1000點魔法上限增加1%魔法傷害，最多增加5%
