concept_id,category,subtype,canonical_ja,canonical_en,canonical_zh,aliases_ja,aliases_en,aliases_zh,source,source_row,status,notes
effect_divine_queen_bracelet_1_set_01,effect_name,set,フリッグの涙 I,,芬撒里爾的淚痕 I,,,,PATH_TO_EQUIPMENT_EFFECTS_final.csv:effect_name_*,divine-queen-bracelet-1-set-01,needs_review,Missing canonical in one or more languages.
effect_rider_set,effect_name,style,ウィンドセット,Rider Set,疾風套裝,疾風セット,,,PATH_TO_EQUIPMENT_EFFECTS_final.csv:effect_name_*,dawn-armor-style-04|dawn-mantle-style-04|dawn-boots-style-04,needs_review,Merged competing short-form variants under shared EN/ZH meaning.
effect_spike,effect_name,style,スパイク,Spike,闇盲,闇盲,,,PATH_TO_EQUIPMENT_EFFECTS_final.csv:effect_name_*,dawn-hatchet-style-04|dawn-hammer-style-01,needs_review,Merged competing short-form variants under shared EN/ZH meaning.
cond_1_matk_per_1_int,condition_phrase,generic_condition,Int1ポイントごとに,+1 MATK per 1 INT,每1點智力額外,,,,longtext_segments.csv,dawn-staff-style-01,needs_review,Only suspect segments available for this concept.
cond_bash_always_charges_vanguard_force_when_used,condition_phrase,generic_condition,狂撃使用時,[Bash] always charges [Vanguard Force] when used,使用狂擊時必定充能先鋒追擊,,,,longtext_segments.csv,dawn-claymore-style-03,needs_review,Only suspect segments available for this concept.
cond_cart_skills_give_you_5_mspd_stacking_up_to_2_times,condition_phrase,generic_condition,手押し車関連スキル使用時,"Cart skills give you +5% MSPD, stacking up to 2 times.",提升的傷害值為手推車負重*40%,,,,longtext_segments.csv,dawn-axe-style-02,needs_review,Only suspect segments available for this concept.
cond_casting_mammonite_and_high_speed_cart_ram_consumes_only_100_eden_coins_and_adds_1_stack_of_sifs_blessing,condition_phrase,generic_condition,メマーナイト、カートターミネーションの銅貨消費が100になり、どちらかのスキルで攻撃するたびに,"Casting Mammonite and High-Speed Cart Ram consumes only 100 Eden Coins, and adds 1 stack of Sif's Blessing",金錢攻擊、手推車終結技僅消耗100銅幣，且會獲得一層希芙的恩賜,,,,longtext_segments.csv,dawn-hatchet-style-03,needs_review,Only suspect segments available for this concept.
cond_casting_melody_strike_or_arrow_vulcan_additionally_triggers_a_st_wind_volt_attack_with_600_multiplier_200_in_pvp,condition_phrase,generic_condition,楽器攻撃・奥義矢乱舞発動時,Casting [Melody Strike] or [Arrow Vulcan] additionally triggers a ST Wind [Volt Attack] with 600% multiplier (200% in PVP),釋放樂器攻擊、奧義箭亂舞會額外觸發一次單體600%倍率（PVP場景為200%倍率）的風屬性物理感電攻擊，冷卻時間1秒,,,,longtext_segments.csv,dawn-guitar-style-01,needs_review,Only suspect segments available for this concept.
cond_each_stack_of_pact_of_reaper_gives_you_3_crit,condition_phrase,generic_condition,死神の契約1層ごとに自身のクリティカル+3,Each stack of Pact of Reaper gives you +3 CRIT,每層死神契約使自身暴擊+3、攻擊速度+1%,,,,longtext_segments.csv,dawn-spear-style-02,needs_review,Only suspect segments available for this concept.
cond_either_str_or_dex_3_the_higher_one_if_both,condition_phrase,generic_condition,StrとDexのうち高い方+3。同値の場合,Either STR or DEX +3 (the higher one). If both,力量和靈巧中較高的屬性值+3，若兩者相同，則力量、靈巧+2,,,,longtext_segments.csv,burglar-ring-1,needs_review,Only suspect segments available for this concept.
cond_every_10_points_of_max_sp_increase_matk_by_1_calculated_up_to_a_maximum_of_45,condition_phrase,generic_condition,毎10のMaxSPごとに,Every 10 points of Max SP increase MATK by 1 (calculated up to a maximum of 45,每10點魔法值上限,,,,longtext_segments.csv,dawn-staff-style-04,needs_review,Only suspect segments available for this concept.
cond_for_each_refine_1_aspd_1,condition_phrase,generic_condition,精錬+1ごとに,"For each refine +1, ASPD +1%",精煉每+1,,,,longtext_segments.csv,dawn-axe-style-03,needs_review,Only suspect segments available for this concept.
cond_fresh_shrimp_changes_from_every_3_seconds_to_every_2_seconds,condition_phrase,generic_condition,活きエビの発動間隔が3秒ごとから2秒ごとに,Fresh Shrimp changes from every 3 seconds to every 2 seconds,活蝦每3秒變為每隔2秒,,,,longtext_segments.csv,dawn-foxtail-grass-style-03,needs_review,Only suspect segments available for this concept.
cond_holy_attacks_add_an_additional_50_patk,condition_phrase,generic_condition,聖属性攻撃時,Holy Attacks add an additional 50 PATK,聖屬性攻擊時,,,,longtext_segments.csv,dawn-hammer-style-03,needs_review,Only suspect segments available for this concept.
cond_normal_attacks_have_a_2_chance_to_inflict_immobilize_the_target_for_1s_this_effect_can_trigger_once_every_5s,condition_phrase,generic_condition,通常攻撃は2%の確率でターゲットを1秒間スタン状態にする。この効果は5秒ごとに,Normal Attacks have a 2% chance to inflict Immobilize the target for 1s. This effect can trigger once every 5s.,普通攻擊有2%機率會使目標陷入定身狀態1秒，該效果每5秒最多觸發1次,,,,longtext_segments.csv,dawn-scythe-style-02,needs_review,Only suspect segments available for this concept.
cond_refine_10,condition_phrase,generic_condition,「ロイヤルシールド」と同時装備時,Refine +10,與皇家之盾一同裝備時君王的威嚴效果翻倍,,,,longtext_segments.csv,dawn-scythe-style-03,needs_review,Only suspect segments available for this concept.
cond_refine_6,condition_phrase,generic_condition,攻撃時に追加ダメージを付与,Refine +6,傷害為力量*物理攻擊/220,,,,longtext_segments.csv,dawn-sword-style-01,needs_review,Only suspect segments available for this concept.
cond_when_berserk_is_activated,condition_phrase,generic_condition,バーサーク発動時,When [Berserk] is activated,狂怒之槍啟動時提供額外攻速10%,,,,longtext_segments.csv,dawn-spear-style-04,needs_review,Only suspect segments available for this concept.
cond_when_casting_hip_shaker,condition_phrase,generic_condition,[Hip Shaker]発動時,When casting Hip Shaker,施放醜陋之舞時,,,,longtext_segments.csv,dawn-whip-style-03,needs_review,Only suspect segments available for this concept.
cond_when_casting_unchained_serenade,condition_phrase,generic_condition,不協和音を放つ際,When casting [Unchained Serenade],釋放不和諧音時,,,,longtext_segments.csv,dawn-guitar-style-02|dawn-whip-style-04,needs_review,Only suspect segments available for this concept.
cond_when_dragonology_reaches_lv_5,condition_phrase,generic_condition,竜の知識Lv.5習得時,When [Dragonology] reaches Lv.5,習得龍之知識Lv.5時,,,,longtext_segments.csv,dawn-book-style-02,needs_review,Only suspect segments available for this concept.
cond_when_your_agi_is_above_150,condition_phrase,generic_condition,Agi150以上の時,When your AGI is above 150,命中+20,,,,longtext_segments.csv,burglar-ring-1,needs_review,Only suspect segments available for this concept.
cond_while_in_combat_lose_1200_hp_per_10_sec,condition_phrase,generic_condition,戦闘開始後、10秒ごとに,"While in combat, lose 1200 HP per 10 sec.",進入戰鬥後，每10秒額外損失1200點生命值,,,,longtext_segments.csv,dawn-sword-style-01,needs_review,Only suspect segments available for this concept.
cond_while_str_is_above_150,condition_phrase,generic_condition,Str150以上の時,While STR is above 150,總力量大於150時物理攻擊+120,,,,longtext_segments.csv,dawn-axe-style-01,needs_review,Only suspect segments available for this concept.
cond_your_attacks_gain_a_30_chance_to_grant_you_majesty_of_kings_for_10_sec_majesty_of_kings_patk_matk_10,condition_phrase,generic_condition,攻撃時,Your attacks gain a 30% chance to grant you Majesty of Kings for 10 sec. Majesty of Kings: PATK/MATK +10%,攻擊時有30%機率獲得君王的威嚴：物理攻擊、魔法攻擊+10%,,,,longtext_segments.csv,dawn-scythe-style-03,needs_review,Only suspect segments available for this concept.
cond_your_attacks_gain_a_30_chance_to_grant_you_skill_dmg_10_for_15_sec_cooldown_20_sec,condition_phrase,generic_condition,攻撃時,Your attacks gain a 30% chance to grant you [Skill DMG +10%] for 15 sec. (Cooldown: 20 sec),攻擊時有30%機率獲得黑暗騎士的意念,,,,longtext_segments.csv,dark-knight-gloves-1-set-03,needs_review,Only suspect segments available for this concept.
cond_your_attacks_gain_a_30_chance_to_grant_you_skill_dmg_15_for_15_sec_cooldown_20_sec,condition_phrase,generic_condition,攻撃時,Your attacks gain a 30% chance to grant you [Skill DMG +15%] for 15 sec. (Cooldown: 20 sec),攻擊時有30%機率獲得黑暗騎士的意念,,,,longtext_segments.csv,dark-knight-gloves-1-set-02,needs_review,Only suspect segments available for this concept.
cond_your_attacks_have_a_10_chance_to_grant_you_lokis_courage_for_3_sec,condition_phrase,generic_condition,攻撃時,Your attacks have a 10% chance to grant you [Loki's Courage] for 3 sec.,攻擊時有10%機率觸發洛奇的勇氣：攻擊速度+15%、暴擊+10,,,,longtext_segments.csv,dawn-katar-style-01,needs_review,Only suspect segments available for this concept.
cond_your_attacks_have_a_2_chance_to_bleed_the_target,condition_phrase,generic_condition,攻撃時,Your attacks have a 2% chance to Bleed the target,攻擊時有2%機率使目標陷入流血狀態,,,,longtext_segments.csv,dawn-scythe-style-01,needs_review,Only suspect segments available for this concept.
cond_your_skills_have_a_30_chance_to_grant_you_matk_30_for_6_sec,condition_phrase,generic_condition,スキル発動時,Your skills have a 30% chance to grant you [MATK +30%] for 6 sec.,釋放技能有30%機率使自己魔攻提升30%，持續6秒,,,,longtext_segments.csv,dawn-staff-style-03,needs_review,Only suspect segments available for this concept.
cond_refine_ge_1,condition_phrase,refine_condition,精錬+1ごとに,For every Refine +1,精煉每+1,精錬+1毎に,"+50 Max HP per +1 Refine|Normal Attacks reduce the cooldown of [Berserk], up to a maximum of 30 sec.|Refine +15",智力+1|每精煉+1|生命上限+50|魔法攻擊+10,longtext_segments.csv,dawn-book-style-04|dawn-scepter-style-03|dawn-spear-style-04|dawn-staff-style-03,needs_review,Only suspect segments available for this concept. | includes_merged_suspect_segments=6
cond_refine_ge_2,condition_phrase,refine_condition,精錬+2ごとに,For every Refine +2,精煉每+2,精錬+2毎に,For every refine +2,,longtext_segments.csv,dawn-scepter-style-01|dawn-shield-style-04|spiritual-ring-2,needs_review,Only suspect segments available for this concept. | includes_merged_suspect_segments=2
effect_phrase_000_max_sp,effect_phrase,generic_effect,1の魔法攻撃力増加（最大4.5万MaxSPまで）,000 Max SP),增加1點魔法攻擊（最高計算4.5萬魔法值上限）,,,,longtext_segments.csv,dawn-staff-style-04,needs_review,Only suspect segments available for this concept.
effect_phrase_10_buff_potency,effect_phrase,generic_effect,最大HP+50,+10% Buff Potency,精煉每+1,,,,longtext_segments.csv,dawn-staff-style-03,needs_review,Only suspect segments available for this concept.
effect_phrase_1_2_pdmg_per_3_refine,effect_phrase,generic_effect,攻撃速度-5%,+1.2% PDMG per +3 Refine,精煉每+3,,,,longtext_segments.csv,dawn-axe-style-01,needs_review,Only suspect segments available for this concept.
effect_phrase_1_aspd_you_lose_1_of_the_current_hp_every_10_sec_this_effect_can_stack_up_to_5_times,effect_phrase,generic_effect,攻撃速度+1%、10秒ごとに現在のHP1%のダメージを受ける。最大5層まで重複する,+1% ASPD. You lose 1% of the current HP every 10 sec. This effect can stack up to 5 times,每10秒損失當前1%的生命值，最多疊加5層,,,,longtext_segments.csv,dawn-spear-style-02,needs_review,Only suspect segments available for this concept.
effect_phrase_1_int_per_1_refine,effect_phrase,generic_effect,30%の確率で自身の魔法攻撃力を30%上昇（持続時間6秒）,+1 INT per +1 Refine,精煉每+1,,,,longtext_segments.csv,dawn-staff-style-03,needs_review,Only suspect segments available for this concept.
effect_phrase_1_sifs_gold_will_drop_and_deal_pdmg_of_1_500_100_atk_to_the_target,effect_phrase,generic_effect,シフの恵みを10回蓄積すると、シフのコインが1枚落下し、ターゲットに1500%+100の物理ダメージを与える,"1 Sif's Gold will drop and deal PDMG of 1,500%+100 ATK to the target",落下一枚希芙的金幣，對目標造成1500%+100物理攻擊力的物理傷害,,,,longtext_segments.csv,dawn-hatchet-style-03,needs_review,Only suspect segments available for this concept.
effect_phrase_additional_dmg_increases_to_str_patk_150,effect_phrase,generic_effect,ダメージはStr*物理攻撃/220,Additional DMG increases to [STR * PATK/150],精煉+6時,,,,longtext_segments.csv,dawn-sword-style-01,needs_review,Only suspect segments available for this concept.
effect_phrase_additionally_triggers_flame_rhapsody_dealing_fire_pdmg_equal_to_800_atk_per_second_pvp_150_to_up_to_10_nearby_enemy_targets_for_10s,effect_phrase,generic_effect,追加で「炎の狂想曲」を発動。毎秒、周囲の最大10体の敵ユニットに800%ATK（PVP150%倍率）の火属性物理ダメージを与える。効果持続時間10秒,"additionally triggers [Flame Rhapsody], dealing Fire PDMG equal to 800% ATK per second (PVP: 150%) to up to 10 nearby enemy targets for 10s",會額外觸發火焰狂想曲，每秒對周圍最多10個敵方單位造成800%攻擊力（PVP場景為150%倍率）火屬性物理傷害，效果持續10秒,,,,longtext_segments.csv,dawn-guitar-style-02|dawn-whip-style-04,needs_review,Only suspect segments available for this concept.
effect_phrase_additionally_triggers_flame_rhapsody_dealing_fire_pdmg_equal_to_800_atk_pvp_200_per_second_to_up_to_10_nearby_enemy_units_effect_lasts_10s,effect_phrase,generic_effect,追加でフレイムラプソディが発動し、毎秒、周囲の最大10体の敵ユニットに攻撃力800%（PVP200%倍率）の火属性物理ダメージを与える。効果は10秒持続する,"additionally triggers Flame Rhapsody, dealing Fire PDMG equal to 800% ATK (PVP: 200%) per second to up to 10 nearby enemy units. Effect lasts 10s",會額外觸發火焰狂想曲，每秒對周圍最多10個敵方單位造成800%物理攻擊（PVP200%倍率）火屬性物理傷害，效果持續10秒,,,,longtext_segments.csv,dawn-whip-style-03,needs_review,Only suspect segments available for this concept.
effect_phrase_aoe_healing_increases_to_60_of_heal_s_effect,effect_phrase,generic_effect,範囲回復効果は治癒術の60%に上昇,AoE healing increases to 60% of [Heal]'s effect.,精煉+10時,,,,longtext_segments.csv,dawn-scepter-style-02,needs_review,Only suspect segments available for this concept.
effect_phrase_aspd_10,effect_phrase,generic_effect,攻撃速度+10%,ASPD +10%.,狂怒之槍期間普攻攻擊可以減少狂怒之槍冷卻時間,,,,longtext_segments.csv,dawn-spear-style-04,needs_review,Only suspect segments available for this concept.
effect_phrase_aspd_40,effect_phrase,generic_effect,攻撃速度-40%,ASPD -40%,攻擊速度-40%,,,,longtext_segments.csv,dawn-axe-style-01,needs_review,Only suspect segments available for this concept.
effect_phrase_aspd_5,effect_phrase,generic_effect,攻撃速度+5%,ASPD +5%,攻擊速度+5%,,,,longtext_segments.csv,dawn-scythe-style-01,needs_review,Only suspect segments available for this concept.
effect_phrase_aspd_6,effect_phrase,generic_effect,Str1ポイントごとに追加で1の物理攻撃力を付与,ASPD +6%,精煉+15時,,,,longtext_segments.csv,dawn-sword-style-01,needs_review,Only suspect segments available for this concept.
effect_phrase_aspd_6_2,effect_phrase,generic_effect,攻撃速度+6%,ASPD +6%,攻擊速度+6%,,,,longtext_segments.csv,dawn-scythe-style-02,needs_review,Only suspect segments available for this concept.
effect_phrase_aspersio_provides_additional_effects_when_cast_on_yourself_attacks_have_an_additional_20_pdmg,effect_phrase,generic_effect,追加で50点物理攻撃,"Aspersio provides additional effects when cast on yourself, attacks have an additional 20% PDMG",額外增加50點物理攻擊,,,,longtext_segments.csv,dawn-hammer-style-03,needs_review,Only suspect segments available for this concept.
effect_phrase_axe_boomerang_dmg_10,effect_phrase,generic_effect,回転刃のダメージ-10%,[Axe Boomerang] DMG +-10%,迴旋之刃傷害-10%,,,,longtext_segments.csv,dawn-axe-style-03,needs_review,Only suspect segments available for this concept.
effect_phrase_axe_boomerang_no_longer_has_cd,effect_phrase,generic_effect,回転刃のクールタイムがなくなる,[Axe Boomerang] no longer has CD,迴旋之刃不再有冷卻時間,,,,longtext_segments.csv,dawn-axe-style-03,needs_review,Only suspect segments available for this concept.
effect_phrase_bash_skill_damage_50,effect_phrase,generic_effect,必ずチャージした先鋒追撃を発動,[Bash] skill damage +50%,狂擊技能傷害提升50%,,,,longtext_segments.csv,dawn-claymore-style-03,needs_review,Only suspect segments available for this concept.
effect_phrase_break_chance_of_acid_terror_acid_bomb_attack_demonstration_5,effect_phrase,generic_effect,強酸攻撃,"Break Chance of Acid Terror, Acid Bomb attack, Demonstration +5%",強酸攻擊，強酸火煙瓶攻擊，火煙瓶攻擊破壞機率+5%,,,,longtext_segments.csv,dawn-hammer-style-02,needs_review,Only suspect segments available for this concept.
effect_phrase_cart_skills_deal_cart_weight_40_damage,effect_phrase,generic_effect,荷車の積載量に応じて荷車関連スキルのダメージが追加で上昇し、上昇するダメージ値は荷車の積載量×40%,Cart skills deal +(cart weight *40%) damage.,手推車負重額外提升手推車相關技能傷害,,,,longtext_segments.csv,dawn-axe-style-02,needs_review,Only suspect segments available for this concept.
effect_phrase_catnip_meteor_and_silvervine_stem_spear_deal_16_more_damage_to_enemies_with_a_status_effect,effect_phrase,generic_effect,キャットニップメテオとマタタビの槍が状態異常の敵に与えるダメージ+16%,[Catnip Meteor] and [Silvervine Stem Spear] deal 16% more damage to enemies with a status effect,貓薄荷隕石和獵徑桃根槍對異常狀態的敵人傷害提高16%,,,,longtext_segments.csv,dawn-foxtail-grass-style-02,needs_review,Only suspect segments available for this concept.
effect_phrase_catnip_meteor_has_a_10_chance_to_auto_cast_silvervine_stem_spear_when_dealing_damage,effect_phrase,generic_effect,キャットニップメテオがダメージを与えた時、10%の確率でマタタビの槍を自動発動,[Catnip Meteor] has a 10% chance to auto-cast [Silvervine Stem Spear] when dealing damage,貓薄荷隕石造成傷害時有10%機率釋放獵徑桃根槍,,,,longtext_segments.csv,dawn-foxtail-grass-style-02,needs_review,Only suspect segments available for this concept.
effect_phrase_cd_1s,effect_phrase,generic_effect,追加で単体600%倍率（PVP時200%倍率）の風属性物理感電攻撃を発動（クールダウン1秒）,CD: 1s,精煉+6時,,,,longtext_segments.csv,dawn-guitar-style-01,needs_review,Only suspect segments available for this concept.
effect_phrase_damage_against_all_other_monsters_10,effect_phrase,generic_effect,その他すべての種族モンスターへのダメージ+10%,damage against all other monsters +10%,對魚貝種族魔物的傷害+20%,,,,longtext_segments.csv,dawn-spear-style-05,needs_review,Only suspect segments available for this concept.
effect_phrase_damage_multiplier_of_gold_700,effect_phrase,generic_effect,シフのコインのダメージ倍率+700%,Damage Multiplier of Gold +700%,金幣的傷害倍率提高700%,,,,longtext_segments.csv,dawn-hatchet-style-03,needs_review,Only suspect segments available for this concept.
effect_phrase_damage_of_fire_bolt_lightning_bolt_cold_bolt_and_earth_spike_20,effect_phrase,generic_effect,火箭術・雷撃術・氷箭術・地震術のダメージ+20%,"Damage of Fire Bolt, Lightning Bolt, Cold Bolt, and Earth Spike +20%",火箭術、雷擊術、冰箭術、地震術傷害提升20%,,,,longtext_segments.csv,dawn-book-style-04,needs_review,Only suspect segments available for this concept.
effect_phrase_dealing_190_neutral_pdmg_and_marking_the_targets_damage_dealt_against_the_marked_targets_is_increased_by_6_for_6_sec,effect_phrase,generic_effect,20%の確率でスピアスタブLv.3を自動発動する。本スキルは190%+60の無属性物理ダメージを与え、対象を標的状態にする。対象へのダメージが6秒間6%アップ,dealing 190% Neutral PDMG and marking the targets. Damage dealt against the marked targets is increased by 6% for 6 sec,精煉+6時,,,,longtext_segments.csv,dawn-scythe-style-01,needs_review,Only suspect segments available for this concept.
effect_phrase_deals_extra_10_damage_to_units_whose_weapon_or_armor_is_broken,effect_phrase,generic_effect,強酸火煙瓶攻撃,Deals extra 10% damage to units whose Weapon or Armor is broken,對武器或者防具破壞的單位，造成額外10%傷害,,,,longtext_segments.csv,dawn-hammer-style-02,needs_review,Only suspect segments available for this concept.
effect_phrase_dmg_vs_fish_monsters_20,effect_phrase,generic_effect,魚貝種族モンスターへのダメージ+20%,DMG vs Fish monsters +20%,造成350%倍率的物理傷害,,,,longtext_segments.csv,dawn-spear-style-05,needs_review,Only suspect segments available for this concept.
effect_phrase_does_not_apply_to_the_damage_from_cart_weight,effect_phrase,generic_effect,手押し車関連スキルダメージ+25%（この効果は積載重量による追加ダメージには適用されない）,(Does not apply to the damage from cart weight),精煉+15時,,,,longtext_segments.csv,dawn-axe-style-02,needs_review,Only suspect segments available for this concept.
effect_phrase_double_cast_can_trigger_triple_cast_dealing_60_of_the_original_damage,effect_phrase,generic_effect,ダブルスローがトリプルスローを発動可能（ダメージは基本値の60%）,"Double Cast can trigger Triple Cast, dealing 60% of the original damage.",雙倍投擲可以觸發三倍投擲，造成的傷害為初始傷害的60%,,,,longtext_segments.csv,dawn-book-style-04,needs_review,Only suspect segments available for this concept.
effect_phrase_during_overload_and_strike_turret_atk_10_and_duration_is_extended_by_20,effect_phrase,generic_effect,オーバーロードと強襲の持続時間中、砲台の攻撃力が10%上昇し、持続時間が20%延長する,"During [Overload] and [Strike], Turret ATK +10%, and duration is extended by 20%",超載和強襲持續時間內，炮台攻擊力提升10%，持續時間提升20%,,,,longtext_segments.csv,dawn-hatchet-style-01,needs_review,Only suspect segments available for this concept.
effect_phrase_every_3_times_you_use_a_copied_skill_your_next_attack_or_skill_will_grant_dragons_blessing_increasing_pdmg_mdmg_bonus_by_80_for_the_next_10_seconds_internal_cd_15_seconds,effect_phrase,generic_effect,3回ごとにスキルをコピーすると、次の攻撃またはスキル使用時に「魔龍の祝福」を得て、その後10秒間80%の物理・魔法ダメージボーナスを得る（内蔵クールダウン15秒）,"Every 3 times you use a copied skill, your next attack or skill will grant [Dragon's Blessing], increasing PDMG/MDMG Bonus by 80% for the next 10 seconds. Internal CD: 15 seconds",每使用3次抄襲獲得的技能，下一次攻擊或使用技能時會獲得魔龍的祝福，在接下來10秒內獲得80%物理和魔法傷害加成，該效果15秒內最多觸發一次,,,,longtext_segments.csv,dawn-crossbow-blade-style-03,needs_review,Only suspect segments available for this concept.
effect_phrase_every_400_points_of_max_sp_increase_mdmg_by_1_calculated_up_to_a_maximum_of_45_000_max_sp,effect_phrase,generic_effect,毎400のMaxSPごとに1%の魔法ダメージ増加（最大4.5万MaxSPまで）,"Every 400 points of Max SP increase MDMG by 1% (calculated up to a maximum of 45,000 Max SP)",每400點魔法值上限增加1%魔法傷害（最高計算4.5萬魔法值上限）,,,,longtext_segments.csv,dawn-staff-style-04,needs_review,Only suspect segments available for this concept.
effect_phrase_every_500_points_of_max_sp_reduce_global_cd_by_1_up_to_20,effect_phrase,generic_effect,毎500のMaxSPごとにスキル共通クールダウン-1%短縮（最大-20%まで）,Every 500 points of Max SP reduce Global CD by -1% (up to -20%),每500點魔法值上限使技能共同冷卻時間-1%（最多-20%）,,,,longtext_segments.csv,dawn-staff-style-04,needs_review,Only suspect segments available for this concept.
effect_phrase_fire_water_wind_and_earth_elemental_dmg_10,effect_phrase,generic_effect,火・風・水・地属性ダメージ+10%,"Fire, Water, Wind, and Earth Elemental DMG +10%",火、風、水、地元素傷害提升10%,,,,longtext_segments.csv,dawn-book-style-04,needs_review,Only suspect segments available for this concept.
effect_phrase_flame_rhapsody_damage_50,effect_phrase,generic_effect,炎の狂想曲のダメージが50%上昇,[Flame Rhapsody] damage +50%,火焰狂想曲傷害提升50%,,,,longtext_segments.csv,dawn-guitar-style-02|dawn-whip-style-04,needs_review,Only suspect segments available for this concept.
effect_phrase_flame_rhapsody_damage_50_2,effect_phrase,generic_effect,フレイムラプソディダメージ+50%,Flame Rhapsody damage +50%,火焰狂想曲傷害提升50%,,,,longtext_segments.csv,dawn-whip-style-03,needs_review,Only suspect segments available for this concept.
effect_phrase_flame_rhapsody_range_1,effect_phrase,generic_effect,炎の狂想曲の範囲+1,[Flame Rhapsody] range +1,火焰狂想曲範圍+1,,,,longtext_segments.csv,dawn-guitar-style-02|dawn-whip-style-04,needs_review,Only suspect segments available for this concept.
effect_phrase_flame_rhapsody_range_1_2,effect_phrase,generic_effect,フレイムラプソディ射程+1,Flame Rhapsody range +1,火焰狂想曲範圍+1,,,,longtext_segments.csv,dawn-whip-style-03,needs_review,Only suspect segments available for this concept.
effect_phrase_for_every_1_str_patk_1,effect_phrase,generic_effect,追加ダメージがStr*物理攻撃/150に上昇,"For every 1 STR, PATK +1.",精煉+10時,,,,longtext_segments.csv,dawn-sword-style-01,needs_review,Only suspect segments available for this concept.
effect_phrase_for_every_refine_1,effect_phrase,generic_effect,バーサークのデバフ効果を3%軽減,For every Refine +1,狂怒之槍負面效果減少3%,,,,longtext_segments.csv,dawn-spear-style-04,needs_review,Only suspect segments available for this concept.
effect_phrase_gain_120_patk,effect_phrase,generic_effect,物理攻撃+120,gain +120 PATK.,精煉每+3,,,,longtext_segments.csv,dawn-axe-style-01,needs_review,Only suspect segments available for this concept.
effect_phrase_gain_a_30_chance_to_receive_dmg_reduction_3_healing_taken_10_for_15_sec_cooldown_15_sec,effect_phrase,generic_effect,30%の確率で15秒間、暗黒騎士の決意を発動（暗黒騎士の決意：状態異常以外の被ダメージを3%軽減、被回復効果+10%）,"gain a 30% chance to receive [DMG Reduction +3%, Healing Taken +10%] for 15 sec. (Cooldown: 15 sec)",有30%機率獲得黑暗騎士的意念，受到的所有傷害額外減免3%，受治療效果+10%，持續15秒，冷卻時間15秒,,,,longtext_segments.csv,dark-knight-gloves-1-set-01,needs_review,Only suspect segments available for this concept.
effect_phrase_gain_a_30_chance_to_receive_dmg_reduction_5_healing_taken_15_for_15_sec_cooldown_15_sec,effect_phrase,generic_effect,30%の確率で15秒間、暗黒騎士の決意 Iを発動（暗黒騎士の決意 I：状態異常以外の被ダメージを5%軽減、被回復効果+15%）,"gain a 30% chance to receive [DMG Reduction +5%, Healing Taken +15%] for 15 sec. (Cooldown: 15 sec)",有30%機率獲得黑暗騎士的意念，受到的所有傷害額外減免5%，受治療效果+15%，持續15秒，冷卻時間15秒,,,,longtext_segments.csv,dark-knight-gloves-1-set-04,needs_review,Only suspect segments available for this concept.
effect_phrase_global_cd_0_5,effect_phrase,generic_effect,全体ディレイ-0.5%,Global CD -0.5%,技能共同冷卻時間-0.5%,,,,longtext_segments.csv,dawn-scepter-style-03,needs_review,Only suspect segments available for this concept.
effect_phrase_heal_also_grants_the_target_a_hot_for_5s_restoring_hp_equal_to_50_of_matk_per_second_and_increases_healing_received_by_20,effect_phrase,generic_effect,治癒術は対象に5秒間持続する回復効果（HOT）を付与。毎秒魔法攻撃力の50%分のHPを回復し、同時に受ける回復量が20%増加する,"[Heal] also grants the target a hot for 5s, restoring HP equal to 50% of MATK per second, and increases healing received by 20%",治療術會同時給目標增加一個持續治療狀態，持續5秒，每秒恢復魔法攻擊50%的生命值，同時受到的治療量增加20%,,,,longtext_segments.csv,dawn-scepter-style-01,needs_review,Only suspect segments available for this concept.
effect_phrase_heal_effectiveness_increases_to_90,effect_phrase,generic_effect,治癒術の効果は90%に上昇,[Heal] effectiveness increases to 90%.,精煉+15時,,,,longtext_segments.csv,dawn-scepter-style-02,needs_review,Only suspect segments available for this concept.
effect_phrase_heal_effectiveness_is_not_reduced_aoe_healing_increases_to_70_of_heal_s_effect,effect_phrase,generic_effect,治癒術の効果は低下せず、範囲回復効果は治癒術の70%に上昇,Heal effectiveness is not reduced. AoE healing increases to 70% of [Heal]'s effect.,精煉+6時,,,,longtext_segments.csv,dawn-scepter-style-02,needs_review,Only suspect segments available for this concept.
effect_phrase_heal_effectiveness_is_reduced_to_80_heal_restores_30_of_its_effect_to_units_within_3m_of_the_target,effect_phrase,generic_effect,治癒術の効果を80%に低下させる。治癒術は対象の周囲3m以内のキャラクターに治癒術の30%の効果を与える,[Heal] effectiveness is reduced to 80%; [Heal] restores 30% of its effect to units within 3m of the target.,治療術效果降低為80%,,,,longtext_segments.csv,dawn-scepter-style-02,needs_review,Only suspect segments available for this concept.
effect_phrase_heal_restores_matk_100_more_hp,effect_phrase,generic_effect,治癒術の回復量に魔法攻撃力*100%を追加,[Heal] restores MATK*100% more HP,治療術的治療量額外+魔法攻擊*100%,,,,longtext_segments.csv,dawn-scepter-style-01,needs_review,Only suspect segments available for this concept.
effect_phrase_hit_20,effect_phrase,generic_effect,Hit+20,HIT +20.,精煉+10時,,,,longtext_segments.csv,burglar-ring-1,needs_review,Only suspect segments available for this concept.
effect_phrase_holy_dmg_10,effect_phrase,generic_effect,「君王の威厳」効果倍増,Holy DMG +10%,精煉+10時,,,,longtext_segments.csv,dawn-scythe-style-03,needs_review,Only suspect segments available for this concept.
effect_phrase_holy_skill_dmg_10,effect_phrase,generic_effect,聖属性ダメージ+10%,Holy Skill DMG +10%,聖屬性技能傷害+10%,,,,longtext_segments.csv,dawn-scythe-style-03,needs_review,Only suspect segments available for this concept.
effect_phrase_increases_mdmg_by_15,effect_phrase,generic_effect,魔法ダメージ+15%,increases MDMG by 15%,魔法傷害提升15%,,,,longtext_segments.csv,dawn-book-style-02,needs_review,Only suspect segments available for this concept.
effect_phrase_increases_psychic_wave_damage_by_30,effect_phrase,generic_effect,超自然波のダメージ+30%,increases [Psychic Wave] damage by 30%,超自然波傷害提升30%,,,,longtext_segments.csv,dawn-book-style-02,needs_review,Only suspect segments available for this concept.
effect_phrase_increases_the_effect_of_majesty_of_kings_to_patk_matk_15,effect_phrase,generic_effect,聖属性スキルダメージ+10%,Increases the effect of Majesty of Kings to [PATK/MATK +15%].,精煉+15時,,,,longtext_segments.csv,dawn-scythe-style-03,needs_review,Only suspect segments available for this concept.
effect_phrase_int_15,effect_phrase,generic_effect,Int+15,INT +15,智力+15,,,,longtext_segments.csv,dawn-staff-style-01|dawn-staff-style-03,needs_review,Only suspect segments available for this concept.
effect_phrase_lion_roar_damage_20,effect_phrase,generic_effect,,Lion Roar Damage 20%,,,,,longtext_segments.csv,dawn-claymore-style-02,needs_review,Missing canonical in one or more languages. | Only suspect segments available for this concept.
effect_phrase_lokis_courage_gains_aspd_15_crit_10,effect_phrase,generic_effect,10%の確率でロキの勇気を発動（攻撃速度+15%、クリティカル+10、3秒継続）,"Loki's Courage: Gains [ASPD +15%, CRIT +10].",持續3秒,,,,longtext_segments.csv,dawn-katar-style-01,needs_review,Only suspect segments available for this concept.
effect_phrase_lokis_courage_now_additionally_grants_you_crit_dmg_10,effect_phrase,generic_effect,ロキの勇気発動時、クリティカルダメージ+10%,[Loki's Courage] now additionally grants you [CRIT DMG +10%].,洛奇的勇氣額外增加10%暴擊傷害,,,,longtext_segments.csv,dawn-katar-style-01,needs_review,Only suspect segments available for this concept.
effect_phrase_magnus_exorcismus_fixed_ct_1s,effect_phrase,generic_effect,十字駆魔固定詠唱時間-1秒,[Magnus Exorcismus] Fixed CT -1s,十字驅魔攻擊固定詠唱時間-1秒,,,,longtext_segments.csv,dawn-scepter-style-04,needs_review,Only suspect segments available for this concept.
effect_phrase_magnus_exorcismus_skill_dmg_12,effect_phrase,generic_effect,十字駆魔スキルダメージ+12%,[Magnus Exorcismus] Skill DMG +12%,十字驅魔攻擊技能傷害+12%,,,,longtext_segments.csv,dawn-scepter-style-04,needs_review,Only suspect segments available for this concept.
effect_phrase_magnus_exorcismus_variable_ct_50,effect_phrase,generic_effect,十字駆魔の可変詠唱時間-50%,[Magnus Exorcismus] Variable CT -50%,十字驅魔攻擊可變詠唱時間-50%,,,,longtext_segments.csv,dawn-scepter-style-04,needs_review,Only suspect segments available for this concept.
effect_phrase_mammonite_and_high_speed_cart_ram_add_2_stacks_of_sifs_blessing,effect_phrase,generic_effect,メマーナイト、カートターミネーションで攻撃するたびに獲得するシフの恵みが2に増加する,Mammonite and High Speed Cart Ram add 2 stacks of Sif's Blessing,金錢攻擊、手推車終結技一次性疊加2層希芙的恩賜,,,,longtext_segments.csv,dawn-hatchet-style-03,needs_review,Only suspect segments available for this concept.
effect_phrase_matk_11,effect_phrase,generic_effect,魔法攻撃+11%,MATK +11%,魔法攻擊+11%,,,,longtext_segments.csv,dawn-foxtail-grass-style-02,needs_review,Only suspect segments available for this concept.
effect_phrase_matk_1_2,effect_phrase,generic_effect,魔法攻撃力+1.2%,MATK +1.2%,魔法攻擊+1.2%,,,,longtext_segments.csv,dawn-scepter-style-01,needs_review,Only suspect segments available for this concept.
effect_phrase_matk_22,effect_phrase,generic_effect,魔法攻撃+22,MATK +22,魔法攻擊+22,,,,longtext_segments.csv,dawn-scepter-style-03,needs_review,Only suspect segments available for this concept.
effect_phrase_matk_8,effect_phrase,generic_effect,,MATK +8%,魔法攻擊+8%,,,,longtext_segments.csv,dawn-hammer-style-04,needs_review,Missing canonical in one or more languages. | Only suspect segments available for this concept.
effect_phrase_mdef_10,effect_phrase,generic_effect,魔法防御+10,MDEF +10,魔法防禦+10,,,,longtext_segments.csv,dawn-claymore-style-02,needs_review,Only suspect segments available for this concept.
effect_phrase_mdmg_10,effect_phrase,generic_effect,魔法ダメージ+10%,MDMG +10%,魔法傷害增加10%,,,,longtext_segments.csv,dawn-book-style-04,needs_review,Only suspect segments available for this concept.
effect_phrase_mdmg_20,effect_phrase,generic_effect,魔法ダメージ+20%,MDMG +20%,魔法傷害+20%,,,,longtext_segments.csv,dawn-scepter-style-04,needs_review,Only suspect segments available for this concept.
effect_phrase_patk_10_2,effect_phrase,generic_effect,物理ダメージ+15%,PATK +10%,物理攻擊+10%,,,,longtext_segments.csv,dawn-hammer-style-02,needs_review,Only suspect segments available for this concept. | candidate_concepts=effect_phrase_patk_10|effect_phrase_pdmg_15
effect_phrase_patk_11,effect_phrase,generic_effect,物理攻撃+11%,PATK +11%,物理攻擊+11%,,,,longtext_segments.csv,dawn-foxtail-grass-style-01,needs_review,Only suspect segments available for this concept.
effect_phrase_patk_120,effect_phrase,generic_effect,物理攻撃+120,PATK +120,物理攻擊+120,,,,longtext_segments.csv,dawn-axe-style-01,needs_review,Only suspect segments available for this concept.
effect_phrase_patk_25,effect_phrase,generic_effect,物理攻撃+25,PATK +25,精煉+15時,,,,longtext_segments.csv,burglar-ring-1,needs_review,Only suspect segments available for this concept.
effect_phrase_reduces_fixed_ct_of_psychic_wave_by_1s,effect_phrase,generic_effect,超自然波の固定詠唱-1秒,reduces fixed CT of [Psychic Wave] by -1s,超自然波固定吟唱-1s,,,,longtext_segments.csv,dawn-book-style-02,needs_review,Only suspect segments available for this concept.
effect_phrase_reduces_global_cd_of_psychic_wave_by_1s,effect_phrase,generic_effect,超自然波の共通遅延-1秒,reduces global CD of [Psychic Wave] by 1s,超自然波公共延遲降低1秒,,,,longtext_segments.csv,dawn-book-style-02,needs_review,Only suspect segments available for this concept.
effect_phrase_reduces_the_hp_cost_of_sacrifice_on_self_by_15,effect_phrase,generic_effect,最大1回発動する,Reduces the HP cost of Sacrifice on self by 15%.,捨命攻擊扣除的自身生命值減少15%,,,,longtext_segments.csv,dawn-scythe-style-02,needs_review,Only suspect segments available for this concept.
effect_phrase_refine_10,effect_phrase,generic_effect,パリイングで魔法ダメージを無効にする確率+10%,Refine +10,雙劍格擋成功格擋魔法傷害機率提升10%,,,,longtext_segments.csv,dawn-claymore-style-02,needs_review,Only suspect segments available for this concept.
effect_phrase_refine_10_10,effect_phrase,generic_effect,エデンのリンゴ発動時、追加で7%のダメージ軽減効果を3秒間付与,Refine +10,精煉+10時,,,,longtext_segments.csv,dawn-guitar-style-03,needs_review,Only suspect segments available for this concept.
effect_phrase_refine_10_11,effect_phrase,generic_effect,グルーミング使用時、対象に最大HPの10%分のシールドを15秒付与,Refine +10,精煉+10,,,,longtext_segments.csv,dawn-foxtail-grass-style-03,needs_review,Only suspect segments available for this concept.
effect_phrase_refine_10_2,effect_phrase,generic_effect,狂撃発動時に30%の確率で自動詠唱による先鋒追撃を発動,Refine +10,精煉+10時,,,,longtext_segments.csv,dawn-claymore-style-03,needs_review,Only suspect segments available for this concept.
effect_phrase_refine_10_3,effect_phrase,generic_effect,必殺攻撃の回数が+2,Refine +10,精煉+10時,,,,longtext_segments.csv,dawn-scythe-style-02,needs_review,Only suspect segments available for this concept.
effect_phrase_refine_10_4,effect_phrase,generic_effect,攻撃速度+10%,Refine +10,額外攻速提升10%,,,,longtext_segments.csv,dawn-spear-style-04,needs_review,Only suspect segments available for this concept.
effect_phrase_refine_10_5,effect_phrase,generic_effect,手押し車積載上限が2000増加,Refine +10,精煉+6時,,,,longtext_segments.csv,dawn-axe-style-02,needs_review,Only suspect segments available for this concept.
effect_phrase_refine_10_6,effect_phrase,generic_effect,攻撃速度+1%,Refine +10,攻擊速度+1%,,,,longtext_segments.csv,dawn-axe-style-03,needs_review,Only suspect segments available for this concept. | candidate_concepts=effect_phrase_increases_aspd_by_1|effect_phrase_you_gain_aspd_1
effect_phrase_refine_10_7,effect_phrase,generic_effect,追加ダメージが30%にアップ,Refine +10,附加傷害提升至30%,,,,longtext_segments.csv,dawn-hammer-style-03,needs_review,Only suspect segments available for this concept.
effect_phrase_refine_10_8,effect_phrase,generic_effect,叫び効果を受けた対象はさらに15%移動速度が減少,Refine +10,精煉+10時,,,,longtext_segments.csv,dawn-hammer-style-04,needs_review,Only suspect segments available for this concept.
effect_phrase_refine_10_9,effect_phrase,generic_effect,魔法攻撃+70,Refine +10,魔法攻擊+70,,,,longtext_segments.csv,dawn-staff-style-01,needs_review,Only suspect segments available for this concept.
effect_phrase_refine_12,effect_phrase,generic_effect,攻撃速度が+10%,Refine +12,精煉+12時,,,,longtext_segments.csv,dawn-scythe-style-02,needs_review,Only suspect segments available for this concept.
effect_phrase_refine_12_2,effect_phrase,generic_effect,MaxHP+8%,Refine +12,精煉+12時,,,,longtext_segments.csv,dawn-hammer-style-04,needs_review,Only suspect segments available for this concept.
effect_phrase_refine_15,effect_phrase,generic_effect,獅子奮迅によるダメージ+20%,Refine +15,獅子奮迅傷害增加20%,,,,longtext_segments.csv,dawn-claymore-style-02,needs_review,Only suspect segments available for this concept.
effect_phrase_refine_15_10,effect_phrase,generic_effect,シュリンプ効果が2倍,Refine +15,精煉+15,,,,longtext_segments.csv,dawn-foxtail-grass-style-03,needs_review,Only suspect segments available for this concept.
effect_phrase_refine_15_2,effect_phrase,generic_effect,自動詠唱先鋒追撃のダメージが50%増加,Refine +15,精煉+15時,,,,longtext_segments.csv,dawn-claymore-style-03,needs_review,Only suspect segments available for this concept.
effect_phrase_refine_15_3,effect_phrase,generic_effect,持続時間中、必殺攻撃の回数制限がなくなる,Refine +15,精煉+15時,,,,longtext_segments.csv,dawn-scythe-style-02,needs_review,Only suspect segments available for this concept.
effect_phrase_refine_15_4,effect_phrase,generic_effect,死神のささやきで発生するスキルダメージが100%上昇する,Refine +15,死神低語觸發技能傷害提升100%,,,,longtext_segments.csv,dawn-spear-style-02,needs_review,Only suspect segments available for this concept.
effect_phrase_refine_15_5,effect_phrase,generic_effect,手押し車積載による追加ダメージが積載重量*60%に上昇,Refine +15,精煉+10時,,,,longtext_segments.csv,dawn-axe-style-02,needs_review,Only suspect segments available for this concept.
effect_phrase_refine_15_6,effect_phrase,generic_effect,回転刃のスキルダメージ+20%,Refine +15,迴旋之刃技能傷害+20%,,,,longtext_segments.csv,dawn-axe-style-03,needs_review,Only suspect segments available for this concept.
effect_phrase_refine_15_7,effect_phrase,generic_effect,追加ダメージが40%にアップ,Refine +15,附加傷害提升至40%,,,,longtext_segments.csv,dawn-hammer-style-03,needs_review,Only suspect segments available for this concept.
effect_phrase_refine_15_8,effect_phrase,generic_effect,魔法攻撃+8%,Refine +15,精煉+15時,,,,longtext_segments.csv,dawn-hammer-style-04,needs_review,Only suspect segments available for this concept.
effect_phrase_refine_15_9,effect_phrase,generic_effect,魔法攻撃+70,Refine +15,魔法攻擊+70,,,,longtext_segments.csv,dawn-staff-style-01,needs_review,Only suspect segments available for this concept.
effect_phrase_refine_6,effect_phrase,generic_effect,パリイングで物理ダメージを無効にする確率+10%,Refine +6,雙劍格擋成功格擋物理傷害機率提升10%,,,,longtext_segments.csv,dawn-claymore-style-02,needs_review,Only suspect segments available for this concept.
effect_phrase_refine_6_10,effect_phrase,generic_effect,魔法攻撃+1,Refine +6,魔法攻擊+1,,,,longtext_segments.csv,dawn-staff-style-01,needs_review,Only suspect segments available for this concept.
effect_phrase_refine_6_11,effect_phrase,generic_effect,エデンのリンゴの回復効果+40%,Refine +6,精煉+6時,,,,longtext_segments.csv,dawn-guitar-style-03,needs_review,Only suspect segments available for this concept.
effect_phrase_refine_6_12,effect_phrase,generic_effect,変化,Refine +6,精煉+6時,,,,longtext_segments.csv,dawn-foxtail-grass-style-03,needs_review,Only suspect segments available for this concept.
effect_phrase_refine_6_2,effect_phrase,generic_effect,狂撃スキルダメージが50%上昇,Refine +6,精煉+6時,,,,longtext_segments.csv,dawn-claymore-style-03,needs_review,Only suspect segments available for this concept.
effect_phrase_refine_6_3,effect_phrase,generic_effect,必殺攻撃で消費する自身のHPが15%減少,Refine +6,精煉+6時,,,,longtext_segments.csv,dawn-scythe-style-02,needs_review,Only suspect segments available for this concept.
effect_phrase_refine_6_4,effect_phrase,generic_effect,死神の契約の獲得確率が50%になる,Refine +6,獲得死神契約的機率提升至50%,,,,longtext_segments.csv,dawn-spear-style-02,needs_review,Only suspect segments available for this concept.
effect_phrase_refine_6_5,effect_phrase,generic_effect,バーサーク発動時、攻撃速度+10%,Refine +6,狂怒之槍啟動時額外攻速提升10%,,,,longtext_segments.csv,dawn-spear-style-04,needs_review,Only suspect segments available for this concept.
effect_phrase_refine_6_6,effect_phrase,generic_effect,移動速度が5%上昇（最大2スタック）,Refine +6,使用手推車相關技能，使移動速度提升,,,,longtext_segments.csv,dawn-axe-style-02,needs_review,Only suspect segments available for this concept.
effect_phrase_refine_6_7,effect_phrase,generic_effect,火煙瓶攻撃の破壊確率+5%,Refine +6,精煉+6時,,,,longtext_segments.csv,dawn-hammer-style-02,needs_review,Only suspect segments available for this concept.
effect_phrase_refine_6_8,effect_phrase,generic_effect,アスペルシオを自身に使用すると追加効果を獲得し、攻撃時に物理攻撃力の20%分の物理ダメージを追加,Refine +6,撒水祈福對自身使用獲得額外效果，攻擊中附加20%物理攻擊力的物理傷害,,,,longtext_segments.csv,dawn-hammer-style-03,needs_review,Only suspect segments available for this concept.
effect_phrase_refine_6_9,effect_phrase,generic_effect,地獄の植物でダメージを受けた対象は2秒間物理防御と魔法耐性が15%減少,Refine +6,精煉+6時,,,,longtext_segments.csv,dawn-hammer-style-04,needs_review,Only suspect segments available for this concept.
effect_phrase_silvervine_stem_spear_hit_boosts_the_damage_of_the_next_silvervine_stem_spear_within_5_seconds_by_12,effect_phrase,generic_effect,マタタビの槍命中後、5秒以内に使用する次のマタタビの槍ダメージ+12%,[Silvervine Stem Spear] hit boosts the damage of the next [Silvervine Stem Spear] within 5 seconds by 12%,獵徑桃根槍命中後會在5秒內使下一發獵徑桃根槍傷害提高12%,,,,longtext_segments.csv,dawn-foxtail-grass-style-02,needs_review,Only suspect segments available for this concept.
effect_phrase_skill_damage_triggered_by_reaper_whisper_100,effect_phrase,generic_effect,,skill damage triggered by Reaper Whisper 100%,,,,,longtext_segments.csv,dawn-spear-style-02,needs_review,Missing canonical in one or more languages. | Only suspect segments available for this concept.
effect_phrase_skill_dmg_3,effect_phrase,generic_effect,スキルダメージが3%増加,Skill DMG +3%,技能傷害+3%,,,,longtext_segments.csv,dawn-crossbow-blade-style-03,needs_review,Only suspect segments available for this concept.
effect_phrase_skill_dmg_multiplier_of_sonic_blow_100,effect_phrase,generic_effect,音速投擲スキルダメージ倍率+100%,Skill DMG Multiplier of Sonic Blow +100%,精煉+10時,,,,longtext_segments.csv,dawn-katar-style-02,needs_review,Only suspect segments available for this concept.
effect_phrase_skill_dmg_of_copied_skills_20,effect_phrase,generic_effect,コピーしたダメージスキルのダメージが20%増加,Skill DMG of copied skills +20%,抄襲獲得的傷害技能傷害增加20%,,,,longtext_segments.csv,dawn-crossbow-blade-style-03,needs_review,Only suspect segments available for this concept.
effect_phrase_skill_multiplier_of_mammonite_and_high_speed_cart_ram_100,effect_phrase,generic_effect,メマーナイト、カートターミネーションのダメージ倍率+100%,skill multiplier of Mammonite and High Speed Cart Ram +100%,金錢攻擊、手推車終結技技能倍率+100%,,,,longtext_segments.csv,dawn-hatchet-style-03,needs_review,Only suspect segments available for this concept.
effect_phrase_smite_rapid_smiting_shield_boomerang_skill_dmg_12,effect_phrase,generic_effect,盾攻撃、連続盾攻撃、回転盾攻撃のスキルダメージ+12%,[Smite]/[Rapid Smiting]/[Shield Boomerang] Skill DMG +12%,盾擊、連續盾擊、迴旋盾擊技能傷害+12%,,,,longtext_segments.csv,dawn-shield-style-04,needs_review,Only suspect segments available for this concept.
effect_phrase_smite_rapid_smiting_shield_boomerang_skill_dmg_3,effect_phrase,generic_effect,盾攻撃、連続盾攻撃、回転盾攻撃のスキルダメージ+3%,[Smite]/[Rapid Smiting]/[Shield Boomerang] Skill DMG +3%,盾擊、連續盾擊、迴旋盾擊技能傷害+3%,,,,longtext_segments.csv,dawn-shield-style-04,needs_review,Only suspect segments available for this concept.
effect_phrase_sonic_blow_can_deal_crits_with_the_crit_rate_equal_to_75_of_the_characters_crit_rate,effect_phrase,generic_effect,音速投擲はクリティカルが発生可能で、クリティカル率はキャラクターのクリティカル率の75%に相当する,"Sonic Blow can deal CRITs, with the CRIT Rate equal to 75% of the character's CRIT Rate.",音速投擲可以暴擊,,,,longtext_segments.csv,dawn-katar-style-02,needs_review,Only suspect segments available for this concept.
effect_phrase_sonic_blow_is_affected_by_aspd,effect_phrase,generic_effect,音速投擲はASPDの影響を受ける,Sonic Blow is affected by ASPD.,音速投擲受到攻擊速度影響,,,,longtext_segments.csv,dawn-katar-style-02,needs_review,Only suspect segments available for this concept.
effect_phrase_soul_breaker_deals_matk_250_more_damage_unique,effect_phrase,generic_effect,マインドショックの魔法攻撃力*250%分のダメージを追加（唯一効果）,[Soul Breaker] deals MATK*250% more damage (unique),心靈震波提升魔法攻擊*250%的傷害（唯一效果）,,,,longtext_segments.csv,dawn-blade-style-04,needs_review,Only suspect segments available for this concept.
effect_phrase_soul_breaker_deals_matk_300_more_damage_unique,effect_phrase,generic_effect,マインドショックの魔法攻撃力*300%分のダメージを追加（唯一効果）,[Soul Breaker] deals MATK*300% more damage (unique),心靈震波提升魔法攻擊*300%的傷害（唯一效果）,,,,longtext_segments.csv,dawn-blade-style-04,needs_review,Only suspect segments available for this concept.
effect_phrase_sp_consumption_85,effect_phrase,generic_effect,マナ消費-85%,SP Consumption -85%,魔法值消耗-85%,,,,longtext_segments.csv,dawn-axe-style-03,needs_review,Only suspect segments available for this concept.
effect_phrase_spear_stab_deals_100_more_damage,effect_phrase,generic_effect,スピアスタブのダメージが100%アップ,Spear Stab deals 100% more damage.,精煉+15時,,,,longtext_segments.csv,dawn-scythe-style-01,needs_review,Only suspect segments available for this concept.
effect_phrase_stats_are_equal_theyre_both_2,effect_phrase,generic_effect,Str・Dex各+2,"stats are equal, they're both +2.",敏捷150以上時,,,,longtext_segments.csv,burglar-ring-1,needs_review,Only suspect segments available for this concept.
effect_phrase_summoned_creatures_atk_12,effect_phrase,generic_effect,召喚物攻撃+12%,Summoned creatures' ATK +12%,召喚物攻擊提高12%,,,,longtext_segments.csv,dawn-foxtail-grass-style-01,needs_review,Only suspect segments available for this concept.
effect_phrase_summoned_creatures_skill_dmg_10,effect_phrase,generic_effect,召喚生物スキルダメージ+10%,Summoned creatures' skill DMG +10%,召喚生物技能傷害增加10%,,,,longtext_segments.csv,dawn-foxtail-grass-style-01,needs_review,Only suspect segments available for this concept.
effect_phrase_summoned_creatures_skill_dmg_5,effect_phrase,generic_effect,召喚生物スキルダメージ+5%,Summoned creatures' skill DMG +5%,召喚生物技能傷害增加5%,,,,longtext_segments.csv,dawn-foxtail-grass-style-01,needs_review,Only suspect segments available for this concept.
effect_phrase_swordfish_pierce_deals_additional_pdmg_multiplied_by_100_against_demi_human_monsters,effect_phrase,generic_effect,人間種族モンスターへの攻撃時、メカジキの突きが追加で100%倍率の物理ダメージを与える,Swordfish Pierce deals additional PDMG multiplied by 100% against Demi-Human monsters,精煉+15時攻擊人形種族魔物,,,,longtext_segments.csv,dawn-spear-style-05,needs_review,Only suspect segments available for this concept.
effect_phrase_the_skill_multiplier_of_pierce_and_concentrate_pierce_is_increased_by_50,effect_phrase,generic_effect,ピアース、ラピッドストライクのダメージ倍率+50%,the skill multiplier of Pierce and Concentrate Pierce is increased by 50%,精煉+6時,,,,longtext_segments.csv,dawn-spear-style-05,needs_review,Only suspect segments available for this concept.
effect_phrase_the_vulnerable_effect_of_spear_stab_is_increased_by_10,effect_phrase,generic_effect,スピアスタブの易傷効果がさらに10%上昇,the Vulnerable effect of Spear Stab is increased by 10%,,,,,longtext_segments.csv,dawn-scythe-style-01,needs_review,Missing canonical in one or more languages. | Only suspect segments available for this concept.
effect_phrase_turn_undead_variable_ct_50,effect_phrase,generic_effect,転生術の可変詠唱時間-50%,[Turn Undead] Variable CT -50%,轉生術可變詠唱時間-50%,,,,longtext_segments.csv,dawn-scepter-style-04,needs_review,Only suspect segments available for this concept.
effect_phrase_turret_attack_range_1,effect_phrase,generic_effect,砲台の攻撃範囲+1,[Turret] attack range +1,炮台攻擊範圍+1,,,,longtext_segments.csv,dawn-hatchet-style-01,needs_review,Only suspect segments available for this concept.
effect_phrase_turret_ignores_10_of_the_targets_def,effect_phrase,generic_effect,砲台の攻撃は対象の防御力を10%無視,[Turret] ignores 10% of the target's DEF,炮台攻擊無視目標10%防禦,,,,longtext_segments.csv,dawn-hatchet-style-01,needs_review,Only suspect segments available for this concept.
effect_phrase_turrets_gain_30_of_your_attack_stats,effect_phrase,generic_effect,砲台はプレイヤーの30%の攻撃属性を追加で継承,Turrets gain 30% of your Attack Stats,炮台多繼承玩家30%的攻擊屬性,,,,longtext_segments.csv,dawn-hatchet-style-01,needs_review,Only suspect segments available for this concept.
effect_phrase_upon_casting_pierce_or_concentrate_pierce_cast_swordfish_pierce_at_the_target_and_the_enemies_behind_that_target_one_time_dealing_pdmg_multiplied_by_350,effect_phrase,generic_effect,ピアース、ラピッドストライク発動時、ターゲットおよびその後方へメカジキの突きを1回行い、350%倍率の物理ダメージを与える,"Upon casting Pierce or Concentrate Pierce, cast Swordfish Pierce at the target and the enemies behind that target one time, dealing PDMG multiplied by 350%",使用連刺攻擊、凝神刺擊時對目標及其身後進行一次旗魚突刺攻擊,,,,longtext_segments.csv,dawn-spear-style-05,needs_review,Only suspect segments available for this concept.
effect_phrase_upon_dealing_pdmg,effect_phrase,generic_effect,2%の確率でターゲットを出血状態にすることがある,Upon dealing PDMG,物理攻擊時有20%機率自動念咒長矛刺擊Lv.3,,,,longtext_segments.csv,dawn-scythe-style-01,needs_review,Only suspect segments available for this concept.
effect_phrase_variable_ct_1,effect_phrase,generic_effect,変動詠唱-1%,Variable CT -1%,可變詠唱時間-1%,,,,longtext_segments.csv,spiritual-ring-2,needs_review,Only suspect segments available for this concept.
effect_phrase_vit_15,effect_phrase,generic_effect,Vit+15,VIT +15,體質+15,,,,longtext_segments.csv,dawn-claymore-style-02,needs_review,Only suspect segments available for this concept.
effect_phrase_vit_5,effect_phrase,generic_effect,Vit+5,VIT +5,體質+5,,,,longtext_segments.csv,dawn-hammer-style-04,needs_review,Only suspect segments available for this concept.
effect_phrase_volt_attack_has_a_30_chance_to_trigger_2_additional_damage,effect_phrase,generic_effect,感電攻撃が30%確率で追加ダメージを2回発動,[Volt Attack] has a 30% chance to trigger 2 additional damage,精煉+10時,,,,longtext_segments.csv,dawn-guitar-style-01,needs_review,Only suspect segments available for this concept.
effect_phrase_weapon_element_holy,effect_phrase,generic_effect,武器聖属性,Weapon Element (Holy),武器聖屬性,,,,longtext_segments.csv,dawn-hammer-style-03,needs_review,Only suspect segments available for this concept.
effect_phrase_weapon_range_1_5,effect_phrase,generic_effect,武器射程+1.5,Weapon Range +1.5,武器射程+1.5,,,,longtext_segments.csv,dawn-axe-style-02,needs_review,Only suspect segments available for this concept.
effect_phrase_when_affected_by_solo_duo_performance,effect_phrase,generic_effect,ソロ演奏やアンサンブル効果の影響下では、受ける物理・魔法ダメージが5%減少,When affected by Solo/Duo Performance,受到獨奏、合奏效果影響時,,,,longtext_segments.csv,dawn-guitar-style-03,needs_review,Only suspect segments available for this concept.
effect_phrase_when_applying_all_chemistry_weapon_protection_to_party_members,effect_phrase,generic_effect,味方にすべての化学兵器保護をかけると、対象の物理ダメージ軽減と魔法ダメージ軽減がさらに10%増加,When applying all [Chemistry Weapon Protection] to party members,為隊友施加所有化學武器保護時,,,,longtext_segments.csv,dawn-hammer-style-04,needs_review,Only suspect segments available for this concept.
effect_phrase_when_berserk_is_activated,effect_phrase,generic_effect,バーサーク中、通常攻撃でバーサークのクールタイムを短縮、最大30秒減少,When [Berserk] is activated,最多減少30秒,,,,longtext_segments.csv,dawn-spear-style-04,needs_review,Only suspect segments available for this concept.
effect_phrase_when_pact_of_reaper_is_at_5_stacks,effect_phrase,generic_effect,死神の契約が5層に達すると、死神のささやき効果を獲得する。5秒間、5回ごとの物理攻撃で追加の400%闇属性物理ダメージを与える,When Pact of Reaper is at 5 stacks,死神契約達到5層後，獲得死神低語效果：每5次物理攻擊額外造成400%的暗屬性物理傷害，持續5秒,,,,longtext_segments.csv,dawn-spear-style-02,needs_review,Only suspect segments available for this concept.
effect_phrase_when_sifs_blessing_reaches_10_stacks,effect_phrase,generic_effect,シフの恵みを1獲得する,When Sif's Blessing reaches 10 stacks,希芙的恩賜疊加至10層時,,,,longtext_segments.csv,dawn-hatchet-style-03,needs_review,Only suspect segments available for this concept.
effect_phrase_when_using_parry,effect_phrase,generic_effect,パリイング中、成功すると自動で習得済みの最高レベルの獅子奮迅を発動。本効果のクールタイムは2.5秒,When using Parry,雙劍格擋期間，成功格擋將會自動念咒已習得最高等級的獅子奮迅（冷卻時間2.5秒）,,,,longtext_segments.csv,dawn-claymore-style-02,needs_review,Only suspect segments available for this concept.
effect_phrase_while_imperial_guard_is_equipped_double_the_effect_of_majesty_of_kings,effect_phrase,generic_effect,30%の確率で「君王の威厳」を獲得：物理攻撃・魔法攻撃+10%、持続10秒,"While Imperial Guard is equipped, double the effect of Majesty of Kings.",持續10秒,,,,longtext_segments.csv,dawn-scythe-style-03,needs_review,Only suspect segments available for this concept.
effect_phrase_x_067dd320c9,effect_phrase,generic_effect,聖属性スキルダメージ+12%,,聖屬性技能傷害+12%,,,,longtext_segments.csv,dawn-hammer-style-03,needs_review,Missing canonical in one or more languages. | Only suspect segments available for this concept.
effect_phrase_x_0bf065b0fd,effect_phrase,generic_effect,物理ダメージボーナス+20%,,物理傷害加成+20%,,,,longtext_segments.csv,dawn-axe-style-03,needs_review,Missing canonical in one or more languages. | Only suspect segments available for this concept.
effect_phrase_x_0e7941ad5e,effect_phrase,generic_effect,物理ダメージ+1.2%,,,,,,longtext_segments.csv,dawn-axe-style-01,needs_review,Missing canonical in one or more languages. | Only suspect segments available for this concept.
effect_phrase_x_1bb1f65917,effect_phrase,generic_effect,「君王の威厳」効果を強化：物理攻撃・魔法攻撃+15%（倍増効果は物理攻撃・魔法攻撃+30%）,,,,,,longtext_segments.csv,dawn-scythe-style-03,needs_review,Missing canonical in one or more languages. | Only suspect segments available for this concept.
effect_phrase_x_1c25421b16,effect_phrase,generic_effect,魔法ダメージ+7%,,魔法傷害+7%,,,,longtext_segments.csv,dawn-foxtail-grass-style-02,needs_review,Missing canonical in one or more languages. | Only suspect segments available for this concept.
effect_phrase_x_21474723a4,effect_phrase,generic_effect,,,手推車相關技能傷害+25%（不適用於手推車負重帶來的額外傷害）,,,,longtext_segments.csv,dawn-axe-style-02,needs_review,Missing canonical in one or more languages. | Only suspect segments available for this concept.
effect_phrase_x_23b196ed8a,effect_phrase,generic_effect,Str+24,,力量+24,,,,longtext_segments.csv,dawn-axe-style-03,needs_review,Missing canonical in one or more languages. | Only suspect segments available for this concept.
effect_phrase_x_27af4cd845,effect_phrase,generic_effect,魔法攻撃+90,,魔法攻擊+90,,,,longtext_segments.csv,dawn-scepter-style-04,needs_review,Missing canonical in one or more languages. | Only suspect segments available for this concept.
effect_phrase_x_28cb4dd481,effect_phrase,generic_effect,,,治療術效果提升至90%,,,,longtext_segments.csv,dawn-scepter-style-02,needs_review,Missing canonical in one or more languages. | Only suspect segments available for this concept.
effect_phrase_x_2ffdddcc90,effect_phrase,generic_effect,無属性ダメージ+12%,,無屬性技能傷害+12%,,,,longtext_segments.csv,dawn-book-style-02,needs_review,Missing canonical in one or more languages. | Only suspect segments available for this concept.
effect_phrase_x_2ffe06b2fe,effect_phrase,generic_effect,本効果のクールタイムは20秒,,,,,,longtext_segments.csv,dark-knight-gloves-1-set-02|dark-knight-gloves-1-set-03,needs_review,Missing canonical in one or more languages. | Only suspect segments available for this concept.
effect_phrase_x_375d9f8b64,effect_phrase,generic_effect,魔法攻撃力上昇効果を40%に強化,,,,,,longtext_segments.csv,dawn-staff-style-03,needs_review,Missing canonical in one or more languages. | Only suspect segments available for this concept.
effect_phrase_x_4af12de855,effect_phrase,generic_effect,必殺攻撃で消費する自身のHPがさらに30%減少,,,,,,longtext_segments.csv,dawn-scythe-style-02,needs_review,Missing canonical in one or more languages. | Only suspect segments available for this concept.
effect_phrase_x_7ba9fc2965,effect_phrase,generic_effect,Int+12,,智力+12,,,,longtext_segments.csv,dawn-scepter-style-01,needs_review,Missing canonical in one or more languages. | Only suspect segments available for this concept.
effect_phrase_x_7d3698ff86,effect_phrase,generic_effect,Str+8,,力量+8,,,,longtext_segments.csv,dawn-crossbow-blade-style-03,needs_review,Missing canonical in one or more languages. | Only suspect segments available for this concept.
effect_phrase_x_92a5b72edd,effect_phrase,generic_effect,火属性ダメージ+17%,,火屬性技能傷害+17%,,,,longtext_segments.csv,dawn-guitar-style-02|dawn-whip-style-03|dawn-whip-style-04,needs_review,Missing canonical in one or more languages. | Only suspect segments available for this concept.
effect_phrase_x_9ccb5dc364,effect_phrase,generic_effect,攻撃速度-25%,,攻擊速度-25%,,,,longtext_segments.csv,dawn-claymore-style-03,needs_review,Missing canonical in one or more languages. | Only suspect segments available for this concept.
effect_phrase_x_a366d9bca2,effect_phrase,generic_effect,30%の確率で15秒間、暗黒騎士の執念 Iを発動（暗黒騎士の執念 I：スキルダメージ+15%）,,所有技能傷害+15%(普通攻擊無法生效)，持續15秒，冷卻時間20秒,,,,longtext_segments.csv,dark-knight-gloves-1-set-02,needs_review,Missing canonical in one or more languages. | Only suspect segments available for this concept.
effect_phrase_x_a8da71a536,effect_phrase,generic_effect,攻撃速度+12%,,攻擊速度+12%,,,,longtext_segments.csv,dawn-hatchet-style-01,needs_review,Missing canonical in one or more languages. | Only suspect segments available for this concept.
effect_phrase_x_b4d0be7712,effect_phrase,generic_effect,30%の確率で15秒間、暗黒騎士の執念を発動（暗黒騎士の執念：スキルダメージ+10%）,,所有技能傷害+10%(普通攻擊無法生效)，持續15秒，冷卻時間20秒,,,,longtext_segments.csv,dark-knight-gloves-1-set-03,needs_review,Missing canonical in one or more languages. | Only suspect segments available for this concept.
effect_phrase_x_b7c3a6438c,effect_phrase,generic_effect,魔法攻撃+100,,魔法攻擊+100,,,,longtext_segments.csv,dawn-staff-style-01,needs_review,Missing canonical in one or more languages. | Only suspect segments available for this concept.
effect_phrase_x_b9df8af764,effect_phrase,generic_effect,物理ダメージ+7%,,物理傷害+7%,,,,longtext_segments.csv,dawn-foxtail-grass-style-01,needs_review,Missing canonical in one or more languages. | Only suspect segments available for this concept.
effect_phrase_x_bb57790e87,effect_phrase,generic_effect,先鋒追撃スキルダメージが+20%上昇,,,,,,longtext_segments.csv,dawn-claymore-style-03,needs_review,Missing canonical in one or more languages. | Only suspect segments available for this concept.
effect_phrase_x_bd2690399b,effect_phrase,generic_effect,回復効果+1%,,等級每+8，治療效果+1%,,,,longtext_segments.csv,divine-queen-bracelet-1-set-01,needs_review,Missing canonical in one or more languages. | Only suspect segments available for this concept.
effect_phrase_x_cf797b096f,effect_phrase,generic_effect,攻撃速度+6%,,,,,,longtext_segments.csv,dawn-sword-style-01,needs_review,Missing canonical in one or more languages. | Only suspect segments available for this concept.
effect_phrase_x_d85517cc0a,effect_phrase,generic_effect,魔法攻撃+11%,,,,,,longtext_segments.csv,dawn-foxtail-grass-style-03,needs_review,Missing canonical in one or more languages. | Only suspect segments available for this concept.
effect_phrase_x_d9724518cf,effect_phrase,generic_effect,,,旗魚突刺攻擊額外造成100%倍率物理傷害,,,,longtext_segments.csv,dawn-spear-style-05,needs_review,Missing canonical in one or more languages. | Only suspect segments available for this concept.
effect_phrase_x_fb98453e09,effect_phrase,generic_effect,魔法攻撃+10,,精煉+15時,,,,longtext_segments.csv,dawn-staff-style-03,needs_review,Missing canonical in one or more languages. | Only suspect segments available for this concept.
effect_phrase_x_ff5c3a6d39,effect_phrase,generic_effect,本効果のクールタイムは15秒,,,,,,longtext_segments.csv,dark-knight-gloves-1-set-01|dark-knight-gloves-1-set-04,needs_review,Missing canonical in one or more languages. | Only suspect segments available for this concept.
effect_phrase_your_attacks_deal_str_patk_220_additional_dmg,effect_phrase,generic_effect,追加で1200のHPを損失,Your attacks deal [STR *PATK/220] additional DMG.,攻擊時額外附帶傷害,,,,longtext_segments.csv,dawn-sword-style-01,needs_review,Only suspect segments available for this concept.
effect_phrase_bad_omen_lingers_causing_the_stats_being_unstable_activate_the_divine_traits_to_unleash_the_true_power_of_divine_armament_2,effect_phrase,narrative,凶兆が残り、ステータスが不安定になっている。神域属性を有効化すると、神域武装の真の力を解放できる。,"Bad omen lingers, causing the stats being unstable. Activate the Divine Traits to unleash the true power of Divine Armament.",神殿中殘存的曙光糾纏不休、潛滋暗長，致使神域武裝的屬性不斷波動，啟動神域屬性，可解放神域武裝的威能,,,,longtext_segments.csv,dawn-armor|dawn-shield,needs_review,Only suspect segments available for this concept. | candidate_concepts=effect_phrase_bad_omen_lingers_causing_the_stats_being_unstable_activate_the_divine_attributes_to_unleash_the_true_power_of_divine_armament|effect_phrase_bad_omen_lingers_causing_the_stats_being_unstable_activate_the_divine_traits_to_unleash_the_true_power_of_divine_armament
effect_phrase_the_remaining_bad_omens_are_haunting_the_temple_and_growing_in_the_dark_causing_the_stats_of_the_divine_armament_to_fluctuate_continuously_activate_the_divine_attribute_to_release_the_power_of_the_divine_armament,effect_phrase,narrative,凶兆が残り、ステータスが不安定になっている。神域属性を有効化すると、神域武装の真の力を解放できる。,"The remaining bad omens are haunting the temple and growing in the dark, causing the stats of the Divine Armament to fluctuate continuously. Activate the Divine Attribute to release the power of the Divine Armament.",殿中殘存的噩兆糾纏不休、潛滋暗長，致使神域武裝的屬性不斷波動，啟用神域屬性，可解放神域武裝的威能,,,,longtext_segments.csv,dawn-foxtail-grass,needs_review,Only suspect segments available for this concept. | candidate_concepts=effect_phrase_bad_omen_lingers_causing_the_stats_being_unstable_activate_the_divine_attributes_to_unleash_the_true_power_of_divine_armament|effect_phrase_bad_omen_lingers_causing_the_stats_being_unstable_activate_the_divine_traits_to_unleash_the_true_power_of_divine_armament
