スキルID	職業ID	職層	スキル名	アイコンURL	最大Lv	表示順	本文（Lv1）	本文（LvMAX）	詠唱時間（Lv1）	詠唱時間（LvMAX）	クールタイム（Lv1）	クールタイム（LvMAX）	SP消費（Lv1）	SP消費（LvMAX）	全体ディレイ（Lv1）	全体ディレイ（LvMAX）	タグ	差分概要	スキル名（日本語）	スキル名（中文）	スキル名（英語）	本文（Lv1_日本語）	本文（Lv1_中文）	本文（Lv1_英語）	本文（LvMAX_日本語）	本文（LvMAX_中文）	本文（LvMAX_英語）	差分概要（日本語）	差分概要（中文）	差分概要（英語）	原文優先順位	翻訳状況	Unnamed: 33	Unnamed: 34	Unnamed: 35	Unnamed: 36
id	job_id	job_tier	name	icon_url	max_level	sort_order	body_lv1	body_lvmax	cast_time_lv1	cast_time_lvmax	cooldown_lv1	cooldown_lvmax	sp_cost_lv1	sp_cost_lvmax	global_delay_lv1	global_delay_lvmax	tags	diff_summary	name_ja	name_zh	name_en	body_lv1_ja	body_lv1_zh	body_lv1_en	body_lvmax_ja	body_lvmax_zh	body_lvmax_en	diff_summary_ja	diff_summary_zh	diff_summary_en	source_lang_priority	translation_status				
assassin_t1_01	assassin	t1	ダブルアタック		10	1	短剣、クロスボウ刃で通常攻撃時、10%の確率で2倍ダメージを与える。拳刃で通常攻撃時、2%の拳刃のサブウェポン攻撃ダメージが増加する。	短剣、クロスボウ刃で通常攻撃時、55%の確率で2倍ダメージを与える。拳刃で通常攻撃時、20%の拳刃のサブウェポン攻撃ダメージが増加する。									パッシブ	2倍ダメージ発動率: 10% → 55% || 拳刃サブウェポン攻撃ダメージ: 2% → 20%	ダブルアタック		Double Attack	短剣、クロスボウ刃で通常攻撃時、10%の確率で2倍ダメージを与える。拳刃で通常攻撃時、2%の拳刃のサブウェポン攻撃ダメージが増加する。		When using Normal Attacks with Dagger or Crossbow Blade, there is a 10% chance to deal doubled damage. When equipped with Katar, Normal Attacks increase Katar Off-Hand damage by 2%	短剣、クロスボウ刃で通常攻撃時、55%の確率で2倍ダメージを与える。拳刃で通常攻撃時、20%の拳刃のサブウェポン攻撃ダメージが増加する。			2倍ダメージ発動率: 10% → 55% || 拳刃サブウェポン攻撃ダメージ: 2% → 20%		Double damage chance: 10% → 55% || Katar Off-Hand damage: 2% → 20%	zh>en>ja	ja_en_done				
assassin_t1_02	assassin	t1	ダンシングダガー		10	2	周囲の最大10体のモンスターに120%+50の無属性物理ダメージを与える。	周囲の最大10体のモンスターに300%+500の無属性物理ダメージを与える。	無	無	3.0s	3.0s	11	11	1.0s	1.0s	物理 | 無属性 | 範囲	物理ダメージ: 120%+50 → 300%+500	ダンシングダガー		Trick Control	周囲の最大10体のモンスターに120%+50の無属性物理ダメージを与える。		Deal 120% + 50 Neutral PDMG to up to 10 nearby monsters	周囲の最大10体のモンスターに300%+500の無属性物理ダメージを与える。			物理ダメージ: 120%+50 → 300%+500	物理ダメージ: 120%+50 → 300%+500			revised	ja_en_done			
assassin_t1_03	assassin	t1	回避率増加		10	3	Fleeを3増加させ、移動速度を1%向上させる。	Fleeを30増加させ、移動速度を5%向上させる。									パッシブ	FLEE: 3 → 30 || 移動速度: 1% → 5%	回避率増加		Increase Dodge	Fleeを3増加させ、移動速度を1%向上させる。		Permanently increases FLEE by 3, and grants MSPD Bonus +1%.	Fleeを30増加させ、移動速度を5%向上させる。			FLEE: 3 → 30 || 移動速度: 1% → 5%		FLEE: 3 → 30 || MSPD: +1% → +5%	zh>en>ja	revised				
assassin_t1_04	assassin	t1	インベナム		10	4	指定した単体対象に22*(キャラクターのレベル-10)+50の毒属性物理ダメージを与え（キャラクターのレベルは最大45レベルまで計算）、24%の確率で対象を【毒】状態にする。毎秒1%の最大HPダメージを受け（最大5000ポイント）、持続時間は10秒。対象のHPが35%に低下した場合、毒状態は無効になる。毒状態は敵の物理防御と毒属性耐性を追加で低下させる。	指定した単体対象に40*(キャラクターのレベル-10)+50の毒属性物理ダメージを与え（キャラクターのレベルは最大45レベルまで計算）、60%の確率で対象を【毒】状態にする。毎秒2%の最大HPダメージを受け（最大5000ポイント）、持続時間は28秒。対象のHPが15%に低下した場合、毒状態は無効になる。毒状態は敵の物理防御と毒属性耐性を追加で低下させる。	無	無	無	無	12	12	ASPDの影響を受けます	ASPDの影響を受けます	物理 | 毒属性 | 単体 | 毒	威力係数: 22 → 40 || 毒付与確率: 24% → 60% || 毎秒最大HPダメージ: 1% → 2% || 持続時間: 10秒 → 28秒 || 無効化HP閾値: 35% → 15%	インベナム		Envenom	指定した単体対象に22*(キャラクターのレベル-10)+50の毒属性物理ダメージを与え（キャラクターのレベルは最大45レベルまで計算）、24%の確率で対象を【毒】状態にする。毎秒1%の最大HPダメージを受け（最大5000ポイント）、持続時間は10秒。対象のHPが35%に低下した場合、毒状態は無効になる。毒状態は敵の物理防御と毒属性耐性を追加で低下させる。		Deal Poison PDMG to a designated target equal to [22*(Base Lv. -10)+50] (Base Lv. counted up to 45), with a 24% chance to inflict [Poison]: Deals 1% of Max HP as damage per second (up to 5000), lasting for 10 seconds. If the target's HP drops to 35%, the [Poisoned] status will no longer take effect. [Poisoned] additionally reduces enemy PDEF and Poison RES	指定した単体対象に40*(キャラクターのレベル-10)+50の毒属性物理ダメージを与え（キャラクターのレベルは最大45レベルまで計算）、60%の確率で対象を【毒】状態にする。毎秒2%の最大HPダメージを受け（最大5000ポイント）、持続時間は28秒。対象のHPが15%に低下した場合、毒状態は無効になる。毒状態は敵の物理防御と毒属性耐性を追加で低下させる。			威力係数: 22 → 40 || 毒付与確率: 24% → 60% || 毎秒最大HPダメージ: 1% → 2% || 持続時間: 10秒 → 28秒 || 無効化HP閾値: 35% → 15%		Damage coefficient: 22 → 40 || Poison chance: 24% → 60% || Max HP damage per second: 1% → 2% || Duration: 10s → 28s || HP threshold: 35% → 15%	zh>en>ja	ja_en_done				
assassin_t1_05	assassin	t1	アヴォイドコート		5	5	自身のFleeを12増加させ、2%の確率で完全回避が発動する。持続5秒。	自身のFleeを60増加させ、10%の確率で完全回避が発動する。持続5秒。	無	無	30.0s	30.0s	13	25	無	無	サポート | 無属性	回避値: 12 → 60 || 完全回避確率: 2% → 10%	アヴォイドコート		Shield Dodge	自身のFleeを12増加させ、2%の確率で完全回避が発動する。持続5秒。		Increase own FLEE by 12, and has a 2% chance to [Absolute Flee] for 5 seconds.	自身のFleeを60増加させ、10%の確率で完全回避が発動する。持続5秒。			回避値: 12 → 60 || 完全回避確率: 2% → 10%			zh>en>ja	revised				
assassin_t1_06	assassin	t1	ハイディング		10	6	即座にハイディング状態になり、移動速度が27%低下する。3秒ごとにSPを1消費し、8秒間持続する。ダメージを受けるとハイディング状態が解除される。	即座にハイディング状態になり、移動速度が0%低下する。17秒ごとにSPを1消費し、34秒間持続する。ダメージを受けるとハイディング状態が解除される。	無	無	15.0s	15.0s	10	10	1.0s	1.0s	サポート | 無属性	MSPD減少: 27% → 0% || SP消費間隔: 3秒 → 17秒 || 持続時間: 8秒 → 34秒	ハイディング		Hiding	即座にハイディング状態になり、移動速度が27%低下する。3秒ごとにSPを1消費し、8秒間持続する。ダメージを受けるとハイディング状態が解除される。		Immediately enters [Stealth], reduces MSPD by 27%, consumes 1 SP every 3 seconds, lasting for 8 seconds. Taking any damage will break this effect.	即座にハイディング状態になり、移動速度が0%低下する。17秒ごとにSPを1消費し、34秒間持続する。ダメージを受けるとハイディング状態が解除される。			MSPD減少: 27% → 0% || SP消費間隔: 3秒 → 17秒 || 持続時間: 8秒 → 34秒		MSPD reduction: 27% → 0% || SP drain interval: 3s → 17s || Duration: 8s → 34s	zh>en>ja	revised				
assassin_t1_07	assassin	t1	解毒		1	7	自分と範囲内の味方の毒状態を解除する。	自分と範囲内の味方の毒状態を解除する。	無		15.0s		10		無		サポート | 無属性		解毒		Detoxify	自分と範囲内の味方の毒状態を解除する。		Removes all Poison effects from nearby party members.	自分と範囲内の味方の毒状態を解除する。							zh>en>ja	ja_en_done			
assassin_t1_08	assassin	t1	バックステップ		1	8	素早く後退し、移動速度+15%を10秒間得る。他のスキルの詠唱中にも使用でき、詠唱中のスキルを強制中断する。	素早く後退し、移動速度+15%を10秒間得る。他のスキルの詠唱中にも使用でき、詠唱中のスキルを強制中断する。	無	無	15.0s	15.0s	10	10	1.0s	1.0s	サポート | 無属性 | ムーブ		バックステップ		Back Slide	素早く後退し、移動速度+15%を10秒間得る。他のスキルの詠唱中にも使用でき、詠唱中のスキルを強制中断する。		Quickly retreat and gain [MSPD Bonus +15%] for 10 seconds. This skill can be used while casting other skills and will forcibly interrupt the current cast.	素早く後退し、移動速度+15%を10秒間得る。他のスキルの詠唱中にも使用でき、詠唱中のスキルを強制中断する。		Quickly retreat and gain [MSPD Bonus +15%] for 10 seconds. This skill can be used while casting other skills and will forcibly interrupt the current cast.				zh>en>ja	revised				
assassin_t2_01	assassin	t2	二刀修練		10	1	メイン、サブウェポンの両方に武器を装備させることができる。右手と左手に武器を装備している時、武器は63%の攻撃力を保持する。	メイン、サブウェポンの両方に武器を装備させることができる。右手と左手に武器を装備している時、武器は90%の攻撃力を保持する。スキル習得後、サブウェポンに短剣系武器の装備が可能。/攻撃力はスキルレベルに応じてアップする。					20					攻撃力保持: 63% → 90%			Dual Wield Mastery	メイン、サブウェポンの両方に武器を装備させることができる。右手と左手に武器を装備している時、武器は63%の攻撃力を保持する。		Allows you to equip weapons on both your main and Off-Hand slots. When dual-equipping, 63% of the weapon attack remains. After learning this skill, Daggers can be equipped on Off-Hand. Attack power scales with skill level.	メイン、サブウェポンの両方に武器を装備させることができる。右手と左手に武器を装備している時、武器は90%の攻撃力を保持する。スキル習得後、サブウェポンに短剣系武器の装備が可能。/攻撃力はスキルレベルに応じてアップする。		Allows you to equip weapons on both your main and Off-Hand slots. When dual-equipping, 90% of the weapon attack remains. After learning this skill, Daggers can be equipped on Off-Hand. Attack power scales with skill level.	攻撃力保持: 63% → 90%		Weapon attack remains: 63% → 90%	zh>en>ja	revised		weapon attack remains: 63% → 66%	zh>en>ja	ja_en_done
assassin_t2_02	assassin	t2	カタール修練		10	2	拳刃系武器の熟練度を上げ、5ポイントの物理攻撃を増加させる。非ハイディング状態でグリムトゥースを発動でき、グリムトゥースを発動すると自身がハイディング状態になる（ハイディングは自身の習得済み最高レベルで発動）。ハイディング状態でグリムトゥースを発動すると、クリティカルが可能になる。カタール系武器の装備が必要。	拳刃系武器の熟練度を上げ、50ポイントの物理攻撃を増加させる。非ハイディング状態でグリムトゥースを発動でき、グリムトゥースを発動すると自身がハイディング状態になる（ハイディングは自身の習得済み最高レベルで発動）。ハイディング状態でグリムトゥースを発動すると、クリティカルが可能になる。カタール系武器の装備が必要。									パッシブ	PATK増加: 5 → 50	カタール修練		Katar Mastery	拳刃系武器の熟練度を上げ、5ポイントの物理攻撃を増加させる。非ハイディング状態でグリムトゥースを発動でき、グリムトゥースを発動すると自身がハイディング状態になる（ハイディングは自身の習得済み最高レベルで発動）。ハイディング状態でグリムトゥースを発動すると、クリティカルが可能になる。カタール系武器の装備が必要。		Increase Katar weapon Proficiency, boosting PATK by 5 points. When not under [Stealth], you can use Grimtooth. Using Grimtooth enters [Stealth] (at your highest learned Hiding level). While in [Stealth], Grimtooth can land Critical Hits. Requires Katar equipped.	拳刃系武器の熟練度を上げ、50ポイントの物理攻撃を増加させる。非ハイディング状態でグリムトゥースを発動でき、グリムトゥースを発動すると自身がハイディング状態になる（ハイディングは自身の習得済み最高レベルで発動）。ハイディング状態でグリムトゥースを発動すると、クリティカルが可能になる。カタール系武器の装備が必要。		Increase Katar weapon Proficiency, boosting PATK by 50 points. When not under [Stealth], you can use Grimtooth. Using Grimtooth enters [Stealth] (at your highest learned Hiding level). While in [Stealth], Grimtooth can land Critical Hits. Requires Katar equipped.	PATK増加: 5 → 50		PATK: 5 → 50	zh>en>ja	revised				
assassin_t2_03	assassin	t2	ハイディング研究		5	3	ダメージスキル使用時にハイディング状態を解除する。ハイディング状態でスキルを使用すると、追加で12%のダメージ増加効果を得る。ベナムスプラッシャーはハイディング研究の効果を受けない。	ダメージスキル使用時にハイディング状態を解除する。ハイディング状態でスキルを使用すると、追加で40%のダメージ増加効果を得る。ベナムスプラッシャーはハイディング研究の効果を受けない。									パッシブ	ダメージ増加: 12% → 40%	ハイディング研究		Hiding Research	ダメージスキル使用時にハイディング状態を解除する。ハイディング状態でスキルを使用すると、追加で12%のダメージ増加効果を得る。ベナムスプラッシャーはハイディング研究の効果を受けない。		Using damage-type skills breaks the Stealth effect. While in Stealth, using skills grants an additional 12% damage boost. Venom Splasher is not affected by Hiding Research.	ダメージスキル使用時にハイディング状態を解除する。ハイディング状態でスキルを使用すると、追加で40%のダメージ増加効果を得る。ベナムスプラッシャーはハイディング研究の効果を受けない。			ダメージ増加: 12% → 40%		Damage boost: 12% → 40%	zh>en>ja	revised				
assassin_t2_04	assassin	t2	オートハイド		1	4	素早く後退して攻撃を回避し、30秒間ハイディング状態になる。一定時間無敵かつターゲット不可になる。	素早く後退して攻撃を回避し、30秒間ハイディング状態になる。一定時間無敵かつターゲット不可になる。									パッシブ		オートハイド		Back Slide Hiding	素早く後退して攻撃を回避し、30秒間ハイディング状態になる。一定時間無敵かつターゲット不可になる。		Steps back swiftly to dodge the attack and also enters Stealth status for 30 sec. Becomes Invincible and untargetable for 0.8 sec.	素早く後退して攻撃を回避し、30秒間ハイディング状態になる。一定時間無敵かつターゲット不可になる。		Steps back swiftly to dodge the attack and also enters Stealth status for 30 sec. Becomes Invincible and untargetable for 0.8 sec.				zh>en>ja	revised				
assassin_t2_05	assassin	t2	クリムゾンスラッシュ		10	5	指定した単体ターゲットに即座に複数段の強打を行い、合計720%+30の無属性物理ダメージを与える。短剣系武器の装備が必要。	指定した単体ターゲットに即座に複数段の強打を行い、合計1100%+300の無属性物理ダメージを与える。短剣系武器の装備が必要。	無	無	無	無	5	5	2.0s	2.0s	物理 | 無属性	ダメージ: 720%+30 → 1100%+300	クリムゾンスラッシュ	クリムゾンスラッシュ	Red Cut	指定した単体ターゲットに即座に複数段の強打を行い、合計720%+30の無属性物理ダメージを与える。短剣系武器の装備が必要。		Instantly deliver multiple heavy strikes to a designated target, dealing a total of 720% + 30 Neutral PDMG	指定した単体ターゲットに即座に複数段の強打を行い、合計1100%+300の無属性物理ダメージを与える。短剣系武器の装備が必要。			ダメージ: 720%+30 → 1100%+300		PDMG: 720%+30 → 1100%+300	zh>en>ja	revised				
assassin_t2_06	assassin	t2	ソニックブロー		10	6	指定した単体ターゲットに瞬時に8段の連撃を行い、合計で440%+50の無属性物理ダメージを与え、12%の確率でターゲットを【眩暈】状態にし、持続時間は2.5秒	指定した単体ターゲットに瞬時に8段の連撃を行い、合計で900%+500の無属性物理ダメージを与え、30%の確率でターゲットを【眩暈】状態にし、持続時間は2.5秒	無	無	無	無	8	8	2.0s	2.0s	物理 | 無属性 | 多段 | スタン	ダメージ: 440%+50 → 900%+500 || スタン確率: 12% → 30%	ソニックブロー		Sonic Blow	指定した単体ターゲットに瞬時に8段の連撃を行い、合計で440%+50の無属性物理ダメージを与え、12%の確率でターゲットを【眩暈】状態にし、持続時間は2.5秒。拳刃系の武器を装備する必要があり、【高級拳刃修練】を学んだ後に無属性の影を使用すると、30%の確率で音速投擲が発生する。		Instantly perform an 8-hit combo on the specified target, dealing a total of 440% + 50 Neutral PDMG, with a 12% chance to inflict Stun for 2.5 seconds	指定した単体ターゲットに瞬時に8段の連撃を行い、合計で900%+500の無属性物理ダメージを与え、30%の確率でターゲットを【眩暈】状態にし、持続時間は2.5秒。拳刃系の武器を装備する必要があり、【高級拳刃修練】を学んだ後に無属性の影を使用すると、30%の確率で音速投擲が発生する。			ダメージ: 440%+50 → 900%+500 || スタン確率: 12% → 30%		PDMG: 440%+50 → 900%+500 || Stun chance: 12% → 30%	zh>en>ja	ja_en_done				
assassin_t2_07	assassin	t2	エンチャントポイズン		10	7	30秒間、自身の武器に毒属性を付与し、6ポイントの物理攻撃を増加させ、通常攻撃を使用する間に3%の確率でターゲットを【中毒】させ、10秒間持続する。ターゲットのHPが35%以下になると、中毒状態は無効になる。	120秒間、自身の武器に毒属性を付与し、24ポイントの物理攻撃を増加させ、通常攻撃を使用する間に7.5%の確率でターゲットを【中毒】させ、28秒間持続する。ターゲットのHPが15%以下になると、中毒状態は無効になる。	無	無	1.0s	1.0s	20	20	1.0s	1.0s	サポート | 無属性	持続時間: 30秒 → 120秒 || PATK増加: 6 → 24 || 中毒確率: 3% → 7.5% || 中毒持続: 10秒 → 28秒 || HP閾値: 35% → 15%	エンチャントポイズン		Enchant Poison	30秒間、自身の武器に毒属性を付与し、6ポイントの物理攻撃を増加させ、通常攻撃を使用する間に3%の確率でターゲットを【中毒】させ、10秒間持続する。ターゲットのHPが35%以下になると、中毒状態は無効になる。		Grants your weapon Poison for 30 seconds and increases PATK by 6. During this time, Normal Attacks have a 3% chance to inflict [Poisoned] on the target for 10 seconds. If the target's HP drops to 35%, the [Poisoned] effect will no longer apply	120秒間、自身の武器に毒属性を付与し、24ポイントの物理攻撃を増加させ、通常攻撃を使用する間に7.5%の確率でターゲットを【中毒】させ、28秒間持続する。ターゲットのHPが15%以下になると、中毒状態は無効になる。			持続時間: 30秒 → 120秒 || PATK増加: 6 → 24 || 中毒確率: 3% → 7.5% || 中毒持続: 10秒 → 28秒 || HP閾値: 35% → 15%		Duration: 30s → 120s || PATK: 6 → 24 || Poison chance: 3% → 7.5% || Poison duration: 10s → 28s || HP threshold: 35% → 15%	zh>en>ja	ja_en_done				
assassin_t2_08	assassin	t2	クリムゾンスラッシュ研究		10	8	クリムゾンスラッシュのスキルダメージが5%増加する。最大レベル時、クリムゾンスラッシュは中型/大型モンスターに100%のダメージを与える。	クリムゾンスラッシュのスキルダメージが45%増加する。最大レベル時、クリムゾンスラッシュは中型/大型モンスターに100%のダメージを与える。									パッシブ	スキルダメージ増加: 5% → 45%	クリムゾンスラッシュ研究		Red Cut Precision	クリムゾンスラッシュのスキルダメージが5%増加する。最大レベル時、クリムゾンスラッシュは中型/大型モンスターに100%のダメージを与える。		Red Cut Skill DMG +5%. At max level, grants additional Size Modifier.	クリムゾンスラッシュのスキルダメージが45%増加する。最大レベル時、クリムゾンスラッシュは中型/大型モンスターに100%のダメージを与える。			スキルダメージ増加: 5% → 45%		Skill DMG: +5% → +45%	zh>en>ja	revised				
assassin_t2_09	assassin	t2	ソニックアクセラレーション		10	9	ソニックブローの命中率が10%増加し、スキルダメージが3%増加する。	ソニックブローの命中率が28%増加し、スキルダメージが30%増加する。									パッシブ	命中率増加: 10% → 28% || ダメージ増加: 3% → 30%	ソニックアクセラレーション		Sonic Acceleration	ソニックブローの命中率が10%増加し、スキルダメージが3%増加する。		[Sonic Blow] Skill HIT increases 10%, Skill DMG increases by 3%	ソニックブローの命中率が28%増加し、スキルダメージが30%増加する。			命中率増加: 10% → 28% || ダメージ増加: 3% → 30%		Skill HIT: 10% → 28% || Skill DMG: 3% → 30%	zh>en>ja	revised				
assassin_t2_10	assassin	t2	ベナムダスト		10	10	指定した範囲内の最大10匹の魔物に110%の毒属性物理ダメージを与え、範囲内の魔物に【毒】効果を付与します。エリアは5秒存在し、ターゲットのHPが35%以下になると、毒状態は無効になる。	指定した範囲内の最大10匹の魔物に200%の毒属性物理ダメージを与え、範囲内の魔物に【毒】効果を付与します。エリアは50秒存在し、ターゲットのHPが15%以下になると、毒状態は無効になる。	無	無	1.0s	1.0s	12	12	1.0s	1.0s	物理 | 毒属性 | 範囲	ダメージ: 110% → 200% || エリア持続: 5秒 → 50秒 || HP閾値: 35% → 15%	ベナムダスト		Venom Dust	指定した範囲内の最大10匹の魔物に110%の毒属性物理ダメージを与え、範囲内の魔物に【毒】効果を付与します。エリアは5秒存在し、ターゲットのHPが35%以下になると、毒状態は無効になる。		Deal 110% Poison PDMG to up to 10 monsters within the specified range, and inflict the [Poisoned] effect on monsters in the area. The zone lasts for 5 seconds. If the target's HP drops to 35%, the [Poisoned] status will no longer take effect	指定した範囲内の最大10匹の魔物に200%の毒属性物理ダメージを与え、範囲内の魔物に【毒】効果を付与します。エリアは50秒存在し、ターゲットのHPが15%以下になると、毒状態は無効になる。			ダメージ: 110% → 200% || エリア持続: 5秒 → 50秒 || HP閾値: 35% → 15%		PDMG: 110% → 200% || Zone duration: 5s → 50s || HP threshold: 35% → 15%	zh>en>ja	ja_en_done				
assassin_t2_11	assassin	t2	ベナムスプラッシャー		10	11	指定した単体の敵に毒を仕込む。5秒後に爆発し、周囲の最大10体のモンスターに700%の毒属性物理ダメージを与える。発動時にターゲットが毒状態の場合、即座にダメージを与える。	指定した単体の敵に毒を仕込む。9.5秒後に爆発し、周囲の最大10体のモンスターに1600%の毒属性物理ダメージを与える。発動時にターゲットが毒状態の場合、即座にダメージを与える。	0.5s (0.15s+0.35s)	0.5s (0.15s+0.35s)	8.0s	12.5s	10	28	1.0s	1.0s	物理 | 毒属性 | 単体	爆発ダメージ: 700% → 1600% || 爆発時間: 5秒 → 9.5秒 || クールタイム: 8.0s → 12.5s || SP消費: 10 → 28	ベナムスプラッシャー		Venom Splasher	指定した単体の敵に毒を仕込む。5秒後に爆発し、周囲の最大10体のモンスターに700%の毒属性物理ダメージを与える。発動時にターゲットが毒状態の場合、即座にダメージを与える。		Implants Poison into a designated enemy. The Poison explodes after 5 seconds, dealing Poison PDMG equal to 700% to up to 10 nearby monsters	指定した単体の敵に毒を仕込む。9.5秒後に爆発し、周囲の最大10体のモンスターに1600%の毒属性物理ダメージを与える。発動時にターゲットが毒状態の場合、即座にダメージを与える。			爆発ダメージ: 700% → 1600% || 爆発時間: 5秒 → 9.5秒 || クールタイム: 8.0s → 12.5s || SP消費: 10 → 28		PDMG: 700% → 1600% || Explode timer: 5s → 9.5s || Cooldown: 8.0s → 12.5s || SP: 10 → 28	zh>en>ja	revised				
assassin_t2_12	assassin	t2	グリムトゥース		5	12	5メートル以内の単体の敵を指定し、その周囲の最大10体のモンスターに400%+50の無属性物理ダメージを与える。Mini/MVP以外のモンスターの移動速度を50%低下させ、3秒間持続する。	5メートル以内の単体の敵を指定し、その周囲の最大10体のモンスターに800%+250の無属性物理ダメージを与える。Mini/MVP以外のモンスターの移動速度を50%低下させ、3秒間持続する。	無	無	無	無	6	6	ASPDの影響を受けます	ASPDの影響を受けます	物理 | 無属性	威力: 400%+50 → 800%+250	グリムトゥース		Grimtooth	5メートル以内の単体の敵を指定し、その周囲の最大10体のモンスターに400%+50の無属性物理ダメージを与える。Mini/MVP以外のモンスターの移動速度を50%低下させ、3秒間持続する。		Select a single enemy within 5m, dealing 400% + 50 Neutral PDMG to up to 10 surrounding monsters, and reducing the MSPD of non-MINI or non-MVP monsters by 50% for 3 seconds.	5メートル以内の単体の敵を指定し、その周囲の最大10体のモンスターに800%+250の無属性物理ダメージを与える。Mini/MVP以外のモンスターの移動速度を50%低下させ、3秒間持続する。			威力: 400%+50 → 800%+250		Damage: 400% + 50 → 800% + 250	zh>en>ja	needs_review				
assassin_cross_u2_01	assassin_cross	u2	ダブルアタックエキスパート		10	1	短剣装備時、通常攻撃のクリティカル発生時にダブルアタックが発動可能になる。ただし、クリティカル時の基本ダメージ倍率が150%から122%に低下する。拳刃装備時、通常攻撃のクリティカル時の基本ダメージ倍率が162%になる。	短剣装備時、通常攻撃のクリティカル発生時にダブルアタックが発動可能になる。ただし、クリティカル時の基本ダメージ倍率が150%から140%に低下する。拳刃装備時、通常攻撃のクリティカル時の基本ダメージ倍率が180%になる。									パッシブ	短剣時クリティカル基本ダメージ倍率: 122% → 140% || カタール時クリティカル基本ダメージ倍率: 162% → 180%	ダブルアタックエキスパート		Double Attack Mastery	短剣装備時、通常攻撃のクリティカル発生時にダブルアタックが発動可能になる。ただし、クリティカル時の基本ダメージ倍率が150%から122%に低下する。拳刃装備時、通常攻撃のクリティカル時の基本ダメージ倍率が162%になる。		When equipped with a Dagger, you can trigger Double Attack upon landing a critical normal attack, but the basic DMG Multiplier for the critical hit is reduced from 150% to 122%. When you are equipped with Katar, the basic DMG Multiplier for your critical normal attack is increased from 150% to 162%.	短剣装備時、通常攻撃のクリティカル発生時にダブルアタックが発動可能になる。ただし、クリティカル時の基本ダメージ倍率が150%から140%に低下する。拳刃装備時、通常攻撃のクリティカル時の基本ダメージ倍率が180%になる。			短剣時クリティカル基本ダメージ倍率: 122% → 140% || カタール時クリティカル基本ダメージ倍率: 162% → 180%		Dagger critical DMG multiplier: 122% → 140% || Katar critical DMG multiplier: 162% → 180%	zh>en>ja	needs_review				
assassin_cross_u2_02	assassin_cross	u2	カタール研究		10	2	進化により拳刃系武器の熟練度が上がり、攻撃時に一時的に2%の物理攻撃力と12%の物理ダメージが増加する	進化により拳刃系武器の熟練度が上がり、攻撃時に一時的に20%の物理攻撃力と30%の物理ダメージが増加する									パッシブ	物理攻撃力: 2% → 20% || 物理ダメージ: 12% → 30%	カタール研究		Advanced Katar Mastery	進化により拳刃系武器の熟練度が上がり、攻撃時に一時的に2%の物理攻撃力と12%の物理ダメージが増加する		Further increases your Katar Weapon Mastery and temporarily grants [PATK +2%] and [PDMG +12%] when attacking	進化により拳刃系武器の熟練度が上がり、攻撃時に一時的に20%の物理攻撃力と30%の物理ダメージが増加する			物理攻撃力: 2% → 20% || 物理ダメージ: 12% → 30%		PATK: +2% → +20% || PDMG: +12% → +30%	zh>en>ja	ja_en_done				
assassin_cross_u2_03	assassin_cross	u2	ソウルブレイカー		10	3	指定した単体ターゲットに対して遠距離攻撃を行い、550%+27.5*知力の無属性物理ダメージを与える。1ポイントの知力ごとに、追加で0.1%のダメージが増加する。	指定した単体ターゲットに対して遠距離攻撃を行い、1550%+50*知力の無属性物理ダメージを与える。1ポイントの知力ごとに、追加で0.1%のダメージが増加する。	0.42s (0.20s+0.22s)	0.42s (0.20s+0.22s)	無	無	40	40	0.5s	0.5s	物理 | 無属性	威力: 550%+27.5*知力 → 1550%+50*知力	ソウルブレイカー		Soul Breaker	指定した単体ターゲットに対して遠距離攻撃を行い、550%+27.5*知力の無属性物理ダメージを与える。1ポイントの知力ごとに、追加で0.1%のダメージが増加する。		Launch a ranged attack on the designated target, dealing 550% + 27.5*INT Neutral PDMG. For every 1 point of INT, damage is increased by an additional 0.1%.	指定した単体ターゲットに対して遠距離攻撃を行い、1550%+50*知力の無属性物理ダメージを与える。1ポイントの知力ごとに、追加で0.1%のダメージが増加する。			威力: 550%+27.5*知力 → 1550%+50*知力		Damage: 550% + 27.5*INT → 1550% + 50*INT	zh>en>ja	ja_en_done				
assassin_cross_u2_04	assassin_cross	u2	エンチャントデッドリーポイズン		10	4	自身の3%の武器攻撃力を上昇させ、200秒間持続します。この間、通常攻撃を使用すると3%の確率で対象を【毒】状態にし、10秒間持続します。対象のHPが35%以下になると、毒状態は無効になります	自身の30%の武器攻撃力を上昇させ、200秒間持続します。この間、通常攻撃を使用すると7.5%の確率で対象を【毒】状態にし、28秒間持続します。対象のHPが15%以下になると、毒状態は無効になります	無	無	無	無	110	200	無	無	サポート | 無属性 | 毒	武器攻撃力: 3% → 30% || 毒付与確率: 3% → 7.5% || 毒持続時間: 10秒 → 28秒 || 無効化HP閾値: 35%以下 → 15%以下	エンチャントデッドリーポイズン			自身の3%の武器攻撃力を上昇させ、200秒間持続します。この間、通常攻撃を使用すると3%の確率で対象を【毒】状態にし、10秒間持続します。対象のHPが35%以下になると、毒状態は無効になります			自身の30%の武器攻撃力を上昇させ、200秒間持続します。この間、通常攻撃を使用すると7.5%の確率で対象を【毒】状態にし、28秒間持続します。対象のHPが15%以下になると、毒状態は無効になります			武器攻撃力: 3% → 30% || 毒付与確率: 3% → 7.5% || 毒持続時間: 10秒 → 28秒 || 無効化HP閾値: 35%以下 → 15%以下			zh>en>ja	ja_only				
assassin_cross_u2_05	assassin_cross	u2	ペネトレーション		10	5	中型の魔物へのダメージが2%増加する。	中型の魔物へのダメージが20%増加する。									パッシブ	中型モンスターへのダメージ: 2% → 20%	ペネトレーション		Find Weakness	中型の魔物へのダメージが2%増加する。		DMG vs Medium Size +2%	中型の魔物へのダメージが20%増加する。		DMG vs Medium Size +20%	中型モンスターへのダメージ: 2% → 20%		DMG vs Medium Size: +2% → +20%	zh>en>ja	revised				
assassin_cross_u2_06	assassin_cross	u2	メテオアサルト		10	6	周囲のターゲットに540%の無属性物理ダメージを与え、10%の確率で攻撃を受けたターゲットを[眩暈]、[黒暗]または[流血]状態にする	周囲のターゲットに900%の無属性物理ダメージを与え、55%の確率で攻撃を受けたターゲットを[眩暈]、[黒暗]または[流血]状態にする	0.42s (0.20s+0.22s)	0.42s (0.20s+0.22s)	1.0s	1.0s	16	20	0.5s	0.5s	物理 | 無属性 | 範囲	無属性物理ダメージ: 540% → 900% || 状態異常確率: 10% → 55%	メテオアサルト		Meteor Assault	周囲のターゲットに540%の無属性物理ダメージを与え、10%の確率で攻撃を受けたターゲットを[眩暈]、[黒暗]または[流血]状態にする		Deals 540% Neutral PDMG to nearby targets, with a 10% chance to inflict [Stun], [Blind], or [Bleeding]	周囲のターゲットに900%の無属性物理ダメージを与え、55%の確率で攻撃を受けたターゲットを[眩暈]、[黒暗]または[流血]状態にする				無属性物理ダメージ: 540% → 900% || 状態異常確率: 10% → 55%			zh>en>ja	ja_en_done			
assassin_cross_u2_07	assassin_cross	u2	ベナムナイフ		10	7	指定した単体ターゲットに170%+40の毒属性物理ダメージを与え、55%の確率でターゲットを【中毒】状態にし、毎秒1%の最大HPダメージを与え、ターゲットのHPが35%に低下した場合、中毒状態は無効になる。	指定した単体ターゲットに350%+220の毒属性物理ダメージを与え、100%の確率でターゲットを【中毒】状態にし、毎秒1%の最大HPダメージを与え、ターゲットのHPが15%に低下した場合、中毒状態は無効になる。	無	無	無	無	15	15	1.0s	1.0s	物理 | 毒属性 | 単体	ダメージ: 170%+40 → 350%+220 || 中毒確率: 55% → 100% || HP閾値: 35% → 15%	ベナムナイフ		Poisonous Blade	指定した単体ターゲットに170%+40の毒属性物理ダメージを与え、55%の確率でターゲットを【中毒】状態にし、毎秒1%の最大HPダメージを与え、ターゲットのHPが35%に低下した場合、中毒状態は無効になる。		Deal 170% + 40 Poison PDMG to a designated target, with a 55% chance to inflict [Poisoned]. The target takes damage equal to 1% of its max HP per second. If the target's HP drops to 35%, the [Poisoned] status will not take effect	指定した単体ターゲットに350%+220の毒属性物理ダメージを与え、100%の確率でターゲットを【中毒】状態にし、毎秒1%の最大HPダメージを与え、ターゲットのHPが15%に低下した場合、中毒状態は無効になる。			ダメージ: 170%+40 → 350%+220 || 中毒確率: 55% → 100% || HP閾値: 35% → 15%		PDMG: 170%+40 → 350%+220 || Poison chance: 55% → 100% || HP threshold: 35% → 15%	zh>en>ja	ja_en_done				
assassin_cross_u2_08	assassin_cross	u2	ウェポンブロッキング		1	8	防御姿勢をとり、行動制御系状態異常を解除し、2秒間、行動制御系状態異常を無効化する。物理・魔法ダメージ軽減+10%、5秒間持続。	防御姿勢をとり、行動制御系状態異常を解除し、2秒間、行動制御系状態異常を無効化する。物理・魔法ダメージ軽減+10%、5秒間持続。	無	無	7.0s	7.0s	無	無	0.5s	0.5s	サポート | 無属性 | 補助 | キャンセル		ウェポンブロッキング		Cross Parry	防御姿勢をとり、行動制御系状態異常を解除し、2秒間、行動制御系状態異常を無効化する。物理・魔法ダメージ軽減+10%、5秒間持続。		Enters a Defend Stance, removing control effects and granting control immunity for 2 seconds. PDMG/MDMG Reduction +10% for 5 seconds.	防御姿勢をとり、行動制御系状態異常を解除し、2秒間、行動制御系状態異常を無効化する。物理・魔法ダメージ軽減+10%、5秒間持続。		Enters a Defend Stance, removing control effects and granting control immunity for 2 seconds. PDMG/MDMG Reduction +10% for 5 seconds.				zh>en>ja	needs_review				
assassin_cross_u2_09	assassin_cross	u2	ベナムスラッシュ		10	9	指定した単体ターゲットに2回攻撃を行い、それぞれ55%と205%+80の無属性物理ダメージを与えます。最初のダメージは敵を[毒]状態にし、敵が毒状態の場合、ダメージが2倍になります。このスキルで敵を倒すと、30%の確率で現在のレベルの毒感染を即座に発動し、即座に爆発します。隠匿状態で発動すると、敵の前に突進します。スキルディレイはASPDの影響を受ける。	指定した単体ターゲットに2回攻撃を行い、それぞれ100%と340%+350の無属性物理ダメージを与えます。最初のダメージは敵を[毒]状態にし、敵が毒状態の場合、ダメージが2倍になります。このスキルで敵を倒すと、30%の確率で現在のレベルの毒感染を即座に発動し、即座に爆発します。隠匿状態で発動すると、敵の前に突進します。スキルディレイはASPDの影響を受ける。	無	無	無	無	6	24	ASPDの影響を受けます	ASPDの影響を受けます	物理 | 無属性 | 単体	1回目ダメージ: 55% → 100% || 2回目ダメージ: 205%+80 → 340%+350	ベナムスラッシュ		Envenomed Blade	指定した単体ターゲットに2回攻撃を行い、それぞれ55%と205%+80の無属性物理ダメージを与えます。最初のダメージは敵を[毒]状態にし、敵が毒状態の場合、ダメージが2倍になります。このスキルで敵を倒すと、30%の確率で現在のレベルの毒感染を即座に発動し、即座に爆発します。隠匿状態で発動すると、敵の前に突進します。スキルディレイはASPDの影響を受ける。		Attack the designated target twice, dealing 55% and 205% + 80 Neutral PDMG respectively. The first hit will inflict [Poisoned] on the enemy. If the enemy is already poisoned , the damage is doubled. Killing an enemy with this skill has a 30% chance to immediately cast Venom Splasher at the current level and trigger Detonation. When used in [Stealth], you will dash to the enemy's front This skill's Global CD is subject to your ASPD.	指定した単体ターゲットに2回攻撃を行い、それぞれ100%と340%+350の無属性物理ダメージを与えます。最初のダメージは敵を[毒]状態にし、敵が毒状態の場合、ダメージが2倍になります。このスキルで敵を倒すと、30%の確率で現在のレベルの毒感染を即座に発動し、即座に爆発します。隠匿状態で発動すると、敵の前に突進します。スキルディレイはASPDの影響を受ける。				1回目ダメージ: 55% → 100% || 2回目ダメージ: 205%+80 → 340%+350			zh>en>ja	ja_en_done			
assassin_cross_u2_10	assassin_cross	u2	ポイズンリアクト		10	10	毒属性耐性を2%、無属性耐性を1%増加させる。毒属性攻撃を受けた場合、ダメージ源に130%の毒属性ダメージで反撃する。効果は42秒間持続し、最大1回まで発動する。毒以外のダメージを受けた場合、50%の確率でダメージ源に自動的にインベナムを発動する。	毒属性耐性を20%、無属性耐性を10%増加させる。毒属性攻撃を受けた場合、ダメージ源に400%の毒属性ダメージで反撃する。効果は15秒間持続し、最大1回まで発動する。毒以外のダメージを受けた場合、50%の確率でダメージ源に自動的にインベナムを発動する。	無	無	無	無	無	無			パッシブ	毒属性耐性: 2% → 20% || 属性以外の耐性: 1% → 10% || 毒属性反撃ダメージ: 130% → 400% || トリガー間隔: 42秒 → 15秒 || 毒殺効果: LV1 → LV10	ポイズンリアクト		Poison React	毒属性耐性を2%、無属性耐性を1%増加させる。毒属性攻撃を受けた場合、ダメージ源に130%の毒属性ダメージで反撃する。効果は42秒間持続し、最大1回まで発動する。毒以外のダメージを受けた場合、50%の確率でダメージ源に自動的にインベナムを発動する。		Increase 2% Poison RES and 1% Neutral RES. When hit by a Poison attack, counter-attack the source once, dealing 130% Poison damage. This effect can trigger at most once every 42 seconds. When taking non-Poison damage, there is a 50% chance to automatically cast Envenom Lv.1 on the source once. This effect can trigger at most once every 42 seconds.	毒属性耐性を20%、無属性耐性を10%増加させる。毒属性攻撃を受けた場合、ダメージ源に400%の毒属性ダメージで反撃する。効果は15秒間持続し、最大1回まで発動する。毒以外のダメージを受けた場合、50%の確率でダメージ源に自動的にインベナムを発動する。			毒属性耐性: 2% → 20% || 属性以外の耐性: 1% → 10% || 毒属性反撃ダメージ: 130% → 400% || トリガー間隔: 42秒 → 15秒 || 毒殺効果: LV1 → LV10			zh>en>ja	revised				
